date,capital,peak,drawdown
2021-09-23,100000.0,100000.0,0.0
2021-09-24,100000.0,100000.0,0.0
2021-09-27,100000.0,100000.0,0.0
2021-09-28,100000.0,100000.0,0.0
2021-09-29,100000.0,100000.0,0.0
2021-09-30,100000.0,100000.0,0.0
2021-10-01,100000.0,100000.0,0.0
2021-10-04,100000.0,100000.0,0.0
2021-10-05,100000.0,100000.0,0.0
2021-10-06,100000.0,100000.0,0.0
2021-10-07,100000.0,100000.0,0.0
2021-10-08,100000.0,100000.0,0.0
2021-10-11,100000.0,100000.0,0.0
2021-10-12,100000.0,100000.0,0.0
2021-10-13,100385.36405341396,100385.36405341396,0.0
2021-10-14,100385.36405341396,100385.36405341396,0.0
2021-10-18,100385.36405341396,100385.36405341396,0.0
2021-10-19,100385.36405341396,100385.36405341396,0.0
2021-10-20,100385.36405341396,100385.36405341396,0.0
2021-10-21,100385.36405341396,100385.36405341396,0.0
2021-10-22,100385.36405341396,100385.36405341396,0.0
2021-10-25,100385.36405341396,100385.36405341396,0.0
2021-10-26,100385.36405341396,100385.36405341396,0.0
2021-10-27,100385.36405341396,100385.36405341396,0.0
2021-10-28,100385.36405341396,100385.36405341396,0.0
2021-10-29,100385.36405341396,100385.36405341396,0.0
2021-11-01,100385.36405341396,100385.36405341396,0.0
2021-11-02,100385.36405341396,100385.36405341396,0.0
2021-11-03,100385.36405341396,100385.36405341396,0.0
2021-11-04,100385.36405341396,100385.36405341396,0.0
2021-11-08,100385.36405341396,100385.36405341396,0.0
2021-11-09,100385.36405341396,100385.36405341396,0.0
2021-11-10,100385.36405341396,100385.36405341396,0.0
2021-11-11,100385.36405341396,100385.36405341396,0.0
2021-11-12,100385.36405341396,100385.36405341396,0.0
2021-11-15,100385.36405341396,100385.36405341396,0.0
2021-11-16,100385.36405341396,100385.36405341396,0.0
2021-11-17,100385.36405341396,100385.36405341396,0.0
2021-11-18,100385.36405341396,100385.36405341396,0.0
2021-11-22,100385.36405341396,100385.36405341396,0.0
2021-11-23,100385.36405341396,100385.36405341396,0.0
2021-11-24,100385.36405341396,100385.36405341396,0.0
2021-11-26,100385.36405341396,100385.36405341396,0.0
2021-11-29,100728.37126651284,100728.37126651284,0.0
2021-11-30,100728.37126651284,100728.37126651284,0.0
2021-12-01,100728.37126651284,100728.37126651284,0.0
2021-12-02,100728.37126651284,100728.37126651284,0.0
2021-12-03,100728.37126651284,100728.37126651284,0.0
2021-12-06,100728.37126651284,100728.37126651284,0.0
2021-12-07,100728.37126651284,100728.37126651284,0.0
2021-12-08,100728.37126651284,100728.37126651284,0.0
2021-12-09,100728.37126651284,100728.37126651284,0.0
2021-12-10,100728.37126651284,100728.37126651284,0.0
2021-12-13,100728.37126651284,100728.37126651284,0.0
2021-12-14,100728.37126651284,100728.37126651284,0.0
2021-12-15,100728.37126651284,100728.37126651284,0.0
2021-12-16,100728.37126651284,100728.37126651284,0.0
2021-12-17,101016.8413798547,101016.8413798547,0.0
2021-12-20,101016.8413798547,101016.8413798547,0.0
2021-12-21,101016.8413798547,101016.8413798547,0.0
2021-12-22,101016.8413798547,101016.8413798547,0.0
2021-12-23,101016.8413798547,101016.8413798547,0.0
2021-12-27,101016.8413798547,101016.8413798547,0.0
2021-12-28,101016.8413798547,101016.8413798547,0.0
2021-12-29,101016.8413798547,101016.8413798547,0.0
2021-12-30,101016.8413798547,101016.8413798547,0.0
2021-12-31,101016.8413798547,101016.8413798547,0.0
2022-01-03,101016.8413798547,101016.8413798547,0.0
2022-01-04,101016.8413798547,101016.8413798547,0.0
2022-01-05,101016.8413798547,101016.8413798547,0.0
2022-01-06,101016.8413798547,101016.8413798547,0.0
2022-01-07,101016.8413798547,101016.8413798547,0.0
2022-01-10,101016.8413798547,101016.8413798547,0.0
2022-01-11,101016.8413798547,101016.8413798547,0.0
2022-01-12,101016.8413798547,101016.8413798547,0.0
2022-01-13,101016.8413798547,101016.8413798547,0.0
2022-01-14,101016.8413798547,101016.8413798547,0.0
2022-01-18,101016.8413798547,101016.8413798547,0.0
2022-01-19,101016.8413798547,101016.8413798547,0.0
2022-01-20,101016.8413798547,101016.8413798547,0.0
2022-01-21,101016.8413798547,101016.8413798547,0.0
2022-01-24,101016.8413798547,101016.8413798547,0.0
2022-01-25,101016.8413798547,101016.8413798547,0.0
2022-01-27,101016.8413798547,101016.8413798547,0.0
2022-01-28,101016.8413798547,101016.8413798547,0.0
2022-01-31,101016.8413798547,101016.8413798547,0.0
2022-02-01,101016.8413798547,101016.8413798547,0.0
2022-02-02,101016.8413798547,101016.8413798547,0.0
2022-02-03,101016.8413798547,101016.8413798547,0.0
2022-02-04,101126.67146301971,101126.67146301971,0.0
2022-02-07,101126.67146301971,101126.67146301971,0.0
2022-02-08,101126.67146301971,101126.67146301971,0.0
2022-02-09,101126.67146301971,101126.67146301971,0.0
2022-02-10,101126.67146301971,101126.67146301971,0.0
2022-02-11,101126.67146301971,101126.67146301971,0.0
2022-02-14,101126.67146301971,101126.67146301971,0.0
2022-02-15,101126.67146301971,101126.67146301971,0.0
2022-02-16,101126.67146301971,101126.67146301971,0.0
2022-02-17,101126.67146301971,101126.67146301971,0.0
2022-02-18,101126.67146301971,101126.67146301971,0.0
2022-02-22,101126.67146301971,101126.67146301971,0.0
2022-02-23,101126.67146301971,101126.67146301971,0.0
2022-02-24,101126.67146301971,101126.67146301971,0.0
2022-02-25,101126.67146301971,101126.67146301971,0.0
2022-02-28,101126.67146301971,101126.67146301971,0.0
2022-03-02,101126.67146301971,101126.67146301971,0.0
2022-03-03,101126.67146301971,101126.67146301971,0.0
2022-03-04,101126.67146301971,101126.67146301971,0.0
2022-03-07,101126.67146301971,101126.67146301971,0.0
2022-03-08,101126.67146301971,101126.67146301971,0.0
2022-03-09,101126.67146301971,101126.67146301971,0.0
2022-03-10,101126.67146301971,101126.67146301971,0.0
2022-03-11,101126.67146301971,101126.67146301971,0.0
2022-03-14,101126.67146301971,101126.67146301971,0.0
2022-03-15,101126.67146301971,101126.67146301971,0.0
2022-03-16,101126.67146301971,101126.67146301971,0.0
2022-03-17,101126.67146301971,101126.67146301971,0.0
2022-03-21,101126.67146301971,101126.67146301971,0.0
2022-03-22,101126.67146301971,101126.67146301971,0.0
2022-03-23,101126.67146301971,101126.67146301971,0.0
2022-03-24,101126.67146301971,101126.67146301971,0.0
2022-03-25,101126.67146301971,101126.67146301971,0.0
2022-03-28,101126.67146301971,101126.67146301971,0.0
2022-03-29,101126.67146301971,101126.67146301971,0.0
2022-03-30,101126.67146301971,101126.67146301971,0.0
2022-03-31,101126.67146301971,101126.67146301971,0.0
2022-04-01,101126.67146301971,101126.67146301971,0.0
2022-04-04,101126.67146301971,101126.67146301971,0.0
2022-04-05,101126.67146301971,101126.67146301971,0.0
2022-04-06,101126.67146301971,101126.67146301971,0.0
2022-04-07,101126.67146301971,101126.67146301971,0.0
2022-04-08,101126.67146301971,101126.67146301971,0.0
2022-04-11,101126.67146301971,101126.67146301971,0.0
2022-04-12,101126.67146301971,101126.67146301971,0.0
2022-04-13,101126.67146301971,101126.67146301971,0.0
2022-04-18,101126.67146301971,101126.67146301971,0.0
2022-04-19,101844.27059198449,101844.27059198449,0.0
2022-04-20,101844.27059198449,101844.27059198449,0.0
2022-04-21,101844.27059198449,101844.27059198449,0.0
2022-04-22,101844.27059198449,101844.27059198449,0.0
2022-04-25,101844.27059198449,101844.27059198449,0.0
2022-04-26,101844.27059198449,101844.27059198449,0.0
2022-04-27,101844.27059198449,101844.27059198449,0.0
2022-04-28,101844.27059198449,101844.27059198449,0.0
2022-04-29,101844.27059198449,101844.27059198449,0.0
2022-05-02,102106.62952174431,102106.62952174431,0.0
2022-05-04,102106.62952174431,102106.62952174431,0.0
2022-05-05,102106.62952174431,102106.62952174431,0.0
2022-05-06,102106.62952174431,102106.62952174431,0.0
2022-05-09,102106.62952174431,102106.62952174431,0.0
2022-05-10,102106.62952174431,102106.62952174431,0.0
2022-05-11,102106.62952174431,102106.62952174431,0.0
2022-05-12,102106.62952174431,102106.62952174431,0.0
2022-05-13,102106.62952174431,102106.62952174431,0.0
2022-05-16,102106.62952174431,102106.62952174431,0.0
2022-05-17,102106.62952174431,102106.62952174431,0.0
2022-05-18,102106.62952174431,102106.62952174431,0.0
2022-05-19,102106.62952174431,102106.62952174431,0.0
2022-05-20,102388.84788818187,102388.84788818187,0.0
2022-05-23,102388.84788818187,102388.84788818187,0.0
2022-05-24,102388.84788818187,102388.84788818187,0.0
2022-05-25,102388.84788818187,102388.84788818187,0.0
2022-05-26,102388.84788818187,102388.84788818187,0.0
2022-05-27,102388.84788818187,102388.84788818187,0.0
2022-05-31,102388.84788818187,102388.84788818187,0.0
2022-06-01,102388.84788818187,102388.84788818187,0.0
2022-06-02,102388.84788818187,102388.84788818187,0.0
2022-06-03,102388.84788818187,102388.84788818187,0.0
2022-06-06,102388.84788818187,102388.84788818187,0.0
2022-06-07,102388.84788818187,102388.84788818187,0.0
2022-06-08,102388.84788818187,102388.84788818187,0.0
2022-06-09,102388.84788818187,102388.84788818187,0.0
2022-06-10,102388.84788818187,102388.84788818187,0.0
2022-06-13,102388.84788818187,102388.84788818187,0.0
2022-06-14,102388.84788818187,102388.84788818187,0.0
2022-06-15,102701.38312310046,102701.38312310046,0.0
2022-06-16,102701.38312310046,102701.38312310046,0.0
2022-06-17,102701.38312310046,102701.38312310046,0.0
2022-06-21,102701.38312310046,102701.38312310046,0.0
2022-06-22,102701.38312310046,102701.38312310046,0.0
2022-06-23,102701.38312310046,102701.38312310046,0.0
2022-06-24,102701.38312310046,102701.38312310046,0.0
2022-06-27,102701.38312310046,102701.38312310046,0.0
2022-06-28,102701.38312310046,102701.38312310046,0.0
2022-06-29,102701.38312310046,102701.38312310046,0.0
2022-06-30,102701.38312310046,102701.38312310046,0.0
2022-07-01,102701.38312310046,102701.38312310046,0.0
2022-07-05,102701.38312310046,102701.38312310046,0.0
2022-07-06,102701.38312310046,102701.38312310046,0.0
2022-07-07,102701.38312310046,102701.38312310046,0.0
2022-07-08,102701.38312310046,102701.38312310046,0.0
2022-07-11,102701.38312310046,102701.38312310046,0.0
2022-07-12,102701.38312310046,102701.38312310046,0.0
2022-07-13,102701.38312310046,102701.38312310046,0.0
2022-07-14,102701.38312310046,102701.38312310046,0.0
2022-07-15,102701.38312310046,102701.38312310046,0.0
2022-07-18,102701.38312310046,102701.38312310046,0.0
2022-07-19,102701.38312310046,102701.38312310046,0.0
2022-07-20,102701.38312310046,102701.38312310046,0.0
2022-07-21,102701.38312310046,102701.38312310046,0.0
2022-07-22,102701.38312310046,102701.38312310046,0.0
2022-07-25,102701.38312310046,102701.38312310046,0.0
2022-07-26,102701.38312310046,102701.38312310046,0.0
2022-07-27,102701.38312310046,102701.38312310046,0.0
2022-07-28,102701.38312310046,102701.38312310046,0.0
2022-07-29,102701.38312310046,102701.38312310046,0.0
2022-08-01,102701.38312310046,102701.38312310046,0.0
2022-08-02,102701.38312310046,102701.38312310046,0.0
2022-08-03,102701.38312310046,102701.38312310046,0.0
2022-08-04,102701.38312310046,102701.38312310046,0.0
2022-08-05,102701.38312310046,102701.38312310046,0.0
2022-08-08,102701.38312310046,102701.38312310046,0.0
2022-08-10,102701.38312310046,102701.38312310046,0.0
2022-08-11,102701.38312310046,102701.38312310046,0.0
2022-08-12,102701.38312310046,102701.38312310046,0.0
2022-08-16,102701.38312310046,102701.38312310046,0.0
2022-08-17,102701.38312310046,102701.38312310046,0.0
2022-08-18,102701.38312310046,102701.38312310046,0.0
2022-08-19,102701.38312310046,102701.38312310046,0.0
2022-08-22,102701.38312310046,102701.38312310046,0.0
2022-08-23,102701.38312310046,102701.38312310046,0.0
2022-08-24,102701.38312310046,102701.38312310046,0.0
2022-08-25,102701.38312310046,102701.38312310046,0.0
2022-08-26,102701.38312310046,102701.38312310046,0.0
2022-08-29,102701.38312310046,102701.38312310046,0.0
2022-08-30,102701.38312310046,102701.38312310046,0.0
2022-09-01,102701.38312310046,102701.38312310046,0.0
2022-09-02,102701.38312310046,102701.38312310046,0.0
2022-09-06,102701.38312310046,102701.38312310046,0.0
2022-09-07,102701.38312310046,102701.38312310046,0.0
2022-09-08,102701.38312310046,102701.38312310046,0.0
2022-09-09,102701.38312310046,102701.38312310046,0.0
2022-09-12,102701.38312310046,102701.38312310046,0.0
2022-09-13,102701.38312310046,102701.38312310046,0.0
2022-09-14,102701.38312310046,102701.38312310046,0.0
2022-09-15,102701.38312310046,102701.38312310046,0.0
2022-09-16,102701.38312310046,102701.38312310046,0.0
2022-09-19,103094.2945613935,103094.2945613935,0.0
2022-09-20,103094.2945613935,103094.2945613935,0.0
2022-09-21,103094.2945613935,103094.2945613935,0.0
2022-09-22,103094.2945613935,103094.2945613935,0.0
2022-09-23,103094.2945613935,103094.2945613935,0.0
2022-09-26,103094.2945613935,103094.2945613935,0.0
2022-09-27,103094.2945613935,103094.2945613935,0.0
2022-09-28,103094.2945613935,103094.2945613935,0.0
2022-09-29,103094.2945613935,103094.2945613935,0.0
2022-09-30,103094.2945613935,103094.2945613935,0.0
2022-10-03,103094.2945613935,103094.2945613935,0.0
2022-10-04,103094.2945613935,103094.2945613935,0.0
2022-10-06,103094.2945613935,103094.2945613935,0.0
2022-10-07,103094.2945613935,103094.2945613935,0.0
2022-10-10,103094.2945613935,103094.2945613935,0.0
2022-10-11,103094.2945613935,103094.2945613935,0.0
2022-10-12,103094.2945613935,103094.2945613935,0.0
2022-10-13,103094.2945613935,103094.2945613935,0.0
2022-10-14,103094.2945613935,103094.2945613935,0.0
2022-10-17,103389.381042683,103389.381042683,0.0
2022-10-18,103389.381042683,103389.381042683,0.0
2022-10-19,103389.381042683,103389.381042683,0.0
2022-10-20,103389.381042683,103389.381042683,0.0
2022-10-21,103389.381042683,103389.381042683,0.0
2022-10-24,103389.381042683,103389.381042683,0.0
2022-10-25,103389.381042683,103389.381042683,0.0
2022-10-27,103389.381042683,103389.381042683,0.0
2022-10-28,103389.381042683,103389.381042683,0.0
2022-10-31,103389.381042683,103389.381042683,0.0
2022-11-01,103389.381042683,103389.381042683,0.0
2022-11-02,103389.381042683,103389.381042683,0.0
2022-11-03,103389.381042683,103389.381042683,0.0
2022-11-04,103389.381042683,103389.381042683,0.0
2022-11-07,103389.381042683,103389.381042683,0.0
2022-11-09,103389.381042683,103389.381042683,0.0
2022-11-10,103389.381042683,103389.381042683,0.0
2022-11-11,103389.381042683,103389.381042683,0.0
2022-11-14,103680.84342142844,103680.84342142844,0.0
2022-11-15,103680.84342142844,103680.84342142844,0.0
2022-11-16,103680.84342142844,103680.84342142844,0.0
2022-11-17,103680.84342142844,103680.84342142844,0.0
2022-11-18,103680.84342142844,103680.84342142844,0.0
2022-11-21,103680.84342142844,103680.84342142844,0.0
2022-11-22,103680.84342142844,103680.84342142844,0.0
2022-11-23,103680.84342142844,103680.84342142844,0.0
2022-11-25,103680.84342142844,103680.84342142844,0.0
2022-11-28,103680.84342142844,103680.84342142844,0.0
2022-11-29,103680.84342142844,103680.84342142844,0.0
2022-11-30,103680.84342142844,103680.84342142844,0.0
2022-12-01,103680.84342142844,103680.84342142844,0.0
2022-12-02,103680.84342142844,103680.84342142844,0.0
2022-12-05,103680.84342142844,103680.84342142844,0.0
2022-12-06,103680.84342142844,103680.84342142844,0.0
2022-12-07,103680.84342142844,103680.84342142844,0.0
2022-12-08,103680.84342142844,103680.84342142844,0.0
2022-12-09,103680.84342142844,103680.84342142844,0.0
2022-12-12,103680.84342142844,103680.84342142844,0.0
2022-12-13,103680.84342142844,103680.84342142844,0.0
2022-12-14,103680.84342142844,103680.84342142844,0.0
2022-12-15,103680.84342142844,103680.84342142844,0.0
2022-12-16,103680.84342142844,103680.84342142844,0.0
2022-12-19,103680.84342142844,103680.84342142844,0.0
2022-12-20,103680.84342142844,103680.84342142844,0.0
2022-12-21,104003.23490851546,104003.23490851546,0.0
2022-12-22,104003.23490851546,104003.23490851546,0.0
2022-12-23,104003.23490851546,104003.23490851546,0.0
2022-12-27,104003.23490851546,104003.23490851546,0.0
2022-12-28,104003.23490851546,104003.23490851546,0.0
2022-12-29,104003.23490851546,104003.23490851546,0.0
2022-12-30,104003.23490851546,104003.23490851546,0.0
2023-01-03,104003.23490851546,104003.23490851546,0.0
2023-01-04,104003.23490851546,104003.23490851546,0.0
2023-01-05,104003.23490851546,104003.23490851546,0.0
2023-01-06,104003.23490851546,104003.23490851546,0.0
2023-01-09,104003.23490851546,104003.23490851546,0.0
2023-01-10,104003.23490851546,104003.23490851546,0.0
2023-01-11,104003.23490851546,104003.23490851546,0.0
2023-01-12,104003.23490851546,104003.23490851546,0.0
2023-01-13,104003.23490851546,104003.23490851546,0.0
2023-01-17,104003.23490851546,104003.23490851546,0.0
2023-01-18,104003.23490851546,104003.23490851546,0.0
2023-01-19,104003.23490851546,104003.23490851546,0.0
2023-01-20,104003.23490851546,104003.23490851546,0.0
2023-01-23,104003.23490851546,104003.23490851546,0.0
2023-01-24,104003.23490851546,104003.23490851546,0.0
2023-01-25,104003.23490851546,104003.23490851546,0.0
2023-01-27,104003.23490851546,104003.23490851546,0.0
2023-01-30,104003.23490851546,104003.23490851546,0.0
2023-01-31,104003.23490851546,104003.23490851546,0.0
2023-02-01,104003.23490851546,104003.23490851546,0.0
2023-02-02,104003.23490851546,104003.23490851546,0.0
2023-02-03,104003.23490851546,104003.23490851546,0.0
2023-02-06,104003.23490851546,104003.23490851546,0.0
2023-02-07,104003.23490851546,104003.23490851546,0.0
2023-02-08,104003.23490851546,104003.23490851546,0.0
2023-02-09,104003.23490851546,104003.23490851546,0.0
2023-02-10,104003.23490851546,104003.23490851546,0.0
2023-02-13,104003.23490851546,104003.23490851546,0.0
2023-02-14,104003.23490851546,104003.23490851546,0.0
2023-02-15,104003.23490851546,104003.23490851546,0.0
2023-02-16,104003.23490851546,104003.23490851546,0.0
2023-02-17,104003.23490851546,104003.23490851546,0.0
2023-02-21,104003.23490851546,104003.23490851546,0.0
2023-02-22,104003.23490851546,104003.23490851546,0.0
2023-02-23,104003.23490851546,104003.23490851546,0.0
2023-02-24,104003.23490851546,104003.23490851546,0.0
2023-02-27,104003.23490851546,104003.23490851546,0.0
2023-02-28,104003.23490851546,104003.23490851546,0.0
2023-03-01,104003.23490851546,104003.23490851546,0.0
2023-03-02,104003.23490851546,104003.23490851546,0.0
2023-03-03,104003.23490851546,104003.23490851546,0.0
2023-03-06,104003.23490851546,104003.23490851546,0.0
2023-03-08,104003.23490851546,104003.23490851546,0.0
2023-03-09,104003.23490851546,104003.23490851546,0.0
2023-03-10,104003.23490851546,104003.23490851546,0.0
2023-03-13,104003.23490851546,104003.23490851546,0.0
2023-03-14,104003.23490851546,104003.23490851546,0.0
2023-03-15,104003.23490851546,104003.23490851546,0.0
2023-03-16,104003.23490851546,104003.23490851546,0.0
2023-03-17,104003.23490851546,104003.23490851546,0.0
2023-03-20,104003.23490851546,104003.23490851546,0.0
2023-03-21,104003.23490851546,104003.23490851546,0.0
2023-03-22,104003.23490851546,104003.23490851546,0.0
2023-03-23,104003.23490851546,104003.23490851546,0.0
2023-03-24,104003.23490851546,104003.23490851546,0.0
2023-03-27,104003.23490851546,104003.23490851546,0.0
2023-03-28,104003.23490851546,104003.23490851546,0.0
2023-03-29,104003.23490851546,104003.23490851546,0.0
2023-03-31,104003.23490851546,104003.23490851546,0.0
2023-04-03,104003.23490851546,104003.23490851546,0.0
2023-04-05,104003.23490851546,104003.23490851546,0.0
2023-04-06,104003.23490851546,104003.23490851546,0.0
2023-04-10,104003.23490851546,104003.23490851546,0.0
2023-04-11,104003.23490851546,104003.23490851546,0.0
2023-04-12,104003.23490851546,104003.23490851546,0.0
2023-04-13,104003.23490851546,104003.23490851546,0.0
2023-04-17,104003.23490851546,104003.23490851546,0.0
2023-04-18,104003.23490851546,104003.23490851546,0.0
2023-04-19,104003.23490851546,104003.23490851546,0.0
2023-04-20,104902.05409202563,104902.05409202563,0.0
2023-04-21,104902.05409202563,104902.05409202563,0.0
2023-04-24,104902.05409202563,104902.05409202563,0.0
2023-04-25,104902.05409202563,104902.05409202563,0.0
2023-04-26,104902.05409202563,104902.05409202563,0.0
2023-04-27,104902.05409202563,104902.05409202563,0.0
2023-04-28,104902.05409202563,104902.05409202563,0.0
2023-05-02,104902.05409202563,104902.05409202563,0.0
2023-05-03,104902.05409202563,104902.05409202563,0.0
2023-05-04,104902.05409202563,104902.05409202563,0.0
2023-05-05,104902.05409202563,104902.05409202563,0.0
2023-05-08,104902.05409202563,104902.05409202563,0.0
2023-05-09,104902.05409202563,104902.05409202563,0.0
2023-05-10,104902.05409202563,104902.05409202563,0.0
2023-05-11,104902.05409202563,104902.05409202563,0.0
2023-05-12,104902.05409202563,104902.05409202563,0.0
2023-05-15,104902.05409202563,104902.05409202563,0.0
2023-05-16,104902.05409202563,104902.05409202563,0.0
2023-05-17,104902.05409202563,104902.05409202563,0.0
2023-05-18,104902.05409202563,104902.05409202563,0.0
2023-05-19,104902.05409202563,104902.05409202563,0.0
2023-05-22,104902.05409202563,104902.05409202563,0.0
2023-05-23,104902.05409202563,104902.05409202563,0.0
2023-05-24,104902.05409202563,104902.05409202563,0.0
2023-05-25,104902.05409202563,104902.05409202563,0.0
2023-05-26,104902.05409202563,104902.05409202563,0.0
2023-05-30,104902.05409202563,104902.05409202563,0.0
2023-05-31,104902.05409202563,104902.05409202563,0.0
2023-06-01,104902.05409202563,104902.05409202563,0.0
2023-06-02,104902.05409202563,104902.05409202563,0.0
2023-06-05,104902.05409202563,104902.05409202563,0.0
2023-06-06,104902.05409202563,104902.05409202563,0.0
2023-06-07,104902.05409202563,104902.05409202563,0.0
2023-06-08,104902.05409202563,104902.05409202563,0.0
2023-06-09,104902.05409202563,104902.05409202563,0.0
2023-06-12,104902.05409202563,104902.05409202563,0.0
2023-06-13,104902.05409202563,104902.05409202563,0.0
2023-06-14,104902.05409202563,104902.05409202563,0.0
2023-06-15,104902.05409202563,104902.05409202563,0.0
2023-06-16,104902.05409202563,104902.05409202563,0.0
2023-06-20,104902.05409202563,104902.05409202563,0.0
2023-06-21,104902.05409202563,104902.05409202563,0.0
2023-06-22,104902.05409202563,104902.05409202563,0.0
2023-06-23,104902.05409202563,104902.05409202563,0.0
2023-06-26,104902.05409202563,104902.05409202563,0.0
2023-06-27,104902.05409202563,104902.05409202563,0.0
2023-06-28,104902.05409202563,104902.05409202563,0.0
2023-06-30,104902.05409202563,104902.05409202563,0.0
2023-07-03,104902.05409202563,104902.05409202563,0.0
2023-07-05,104902.05409202563,104902.05409202563,0.0
2023-07-06,104902.05409202563,104902.05409202563,0.0
2023-07-07,104902.05409202563,104902.05409202563,0.0
2023-07-10,104902.05409202563,104902.05409202563,0.0
2023-07-11,104902.05409202563,104902.05409202563,0.0
2023-07-12,104902.05409202563,104902.05409202563,0.0
2023-07-13,104902.05409202563,104902.05409202563,0.0
2023-07-14,104902.05409202563,104902.05409202563,0.0
2023-07-17,104902.05409202563,104902.05409202563,0.0
2023-07-18,104902.05409202563,104902.05409202563,0.0
2023-07-19,104902.05409202563,104902.05409202563,0.0
2023-07-20,104902.05409202563,104902.05409202563,0.0
2023-07-21,105753.42865816882,105753.42865816882,0.0
2023-07-24,105753.42865816882,105753.42865816882,0.0
2023-07-25,105753.42865816882,105753.42865816882,0.0
2023-07-26,105753.42865816882,105753.42865816882,0.0
2023-07-27,105753.42865816882,105753.42865816882,0.0
2023-07-28,105753.42865816882,105753.42865816882,0.0
2023-07-31,105753.42865816882,105753.42865816882,0.0
2023-08-01,105753.42865816882,105753.42865816882,0.0
2023-08-02,105753.42865816882,105753.42865816882,0.0
2023-08-03,105753.42865816882,105753.42865816882,0.0
2023-08-04,105753.42865816882,105753.42865816882,0.0
2023-08-07,105753.42865816882,105753.42865816882,0.0
2023-08-08,105753.42865816882,105753.42865816882,0.0
2023-08-09,105753.42865816882,105753.42865816882,0.0
2023-08-10,105753.42865816882,105753.42865816882,0.0
2023-08-11,105753.42865816882,105753.42865816882,0.0
2023-08-14,105753.42865816882,105753.42865816882,0.0
2023-08-16,105753.42865816882,105753.42865816882,0.0
2023-08-17,105753.42865816882,105753.42865816882,0.0
2023-08-18,105753.42865816882,105753.42865816882,0.0
2023-08-21,105753.42865816882,105753.42865816882,0.0
2023-08-22,105753.42865816882,105753.42865816882,0.0
2023-08-23,105753.42865816882,105753.42865816882,0.0
2023-08-24,105753.42865816882,105753.42865816882,0.0
2023-08-25,105753.42865816882,105753.42865816882,0.0
2023-08-28,105753.42865816882,105753.42865816882,0.0
2023-08-29,105753.42865816882,105753.42865816882,0.0
2023-08-30,105753.42865816882,105753.42865816882,0.0
2023-08-31,105753.42865816882,105753.42865816882,0.0
2023-09-01,105753.42865816882,105753.42865816882,0.0
2023-09-05,105753.42865816882,105753.42865816882,0.0
2023-09-06,105753.42865816882,105753.42865816882,0.0
2023-09-07,105753.42865816882,105753.42865816882,0.0
2023-09-08,105753.42865816882,105753.42865816882,0.0
2023-09-11,105753.42865816882,105753.42865816882,0.0
2023-09-12,105753.42865816882,105753.42865816882,0.0
2023-09-13,105753.42865816882,105753.42865816882,0.0
2023-09-14,105753.42865816882,105753.42865816882,0.0
2023-09-15,105753.42865816882,105753.42865816882,0.0
2023-09-18,105753.42865816882,105753.42865816882,0.0
2023-09-20,105753.42865816882,105753.42865816882,0.0
2023-09-21,105753.42865816882,105753.42865816882,0.0
2023-09-22,105753.42865816882,105753.42865816882,0.0
2023-09-25,105753.42865816882,105753.42865816882,0.0
2023-09-26,105753.42865816882,105753.42865816882,0.0
2023-09-27,105753.42865816882,105753.42865816882,0.0
2023-09-28,105753.42865816882,105753.42865816882,0.0
2023-09-29,105753.42865816882,105753.42865816882,0.0
2023-10-03,105753.42865816882,105753.42865816882,0.0
2023-10-04,105753.42865816882,105753.42865816882,0.0
2023-10-05,105753.42865816882,105753.42865816882,0.0
2023-10-06,105753.42865816882,105753.42865816882,0.0
2023-10-09,105753.42865816882,105753.42865816882,0.0
2023-10-10,105753.42865816882,105753.42865816882,0.0
2023-10-11,105753.42865816882,105753.42865816882,0.0
2023-10-12,105753.42865816882,105753.42865816882,0.0
2023-10-13,105753.42865816882,105753.42865816882,0.0
2023-10-16,106376.99316768158,106376.99316768158,0.0
2023-10-17,106376.99316768158,106376.99316768158,0.0
2023-10-18,106376.99316768158,106376.99316768158,0.0
2023-10-19,106376.99316768158,106376.99316768158,0.0
2023-10-20,106376.99316768158,106376.99316768158,0.0
2023-10-23,106376.99316768158,106376.99316768158,0.0
2023-10-25,106376.99316768158,106376.99316768158,0.0
2023-10-26,106376.99316768158,106376.99316768158,0.0
2023-10-27,106376.99316768158,106376.99316768158,0.0
2023-10-30,106376.99316768158,106376.99316768158,0.0
2023-10-31,106376.99316768158,106376.99316768158,0.0
2023-11-01,106376.99316768158,106376.99316768158,0.0
2023-11-02,106376.99316768158,106376.99316768158,0.0
2023-11-03,106376.99316768158,106376.99316768158,0.0
2023-11-06,106376.99316768158,106376.99316768158,0.0
2023-11-07,106376.99316768158,106376.99316768158,0.0
2023-11-08,106376.99316768158,106376.99316768158,0.0
2023-11-09,106376.99316768158,106376.99316768158,0.0
2023-11-10,106376.99316768158,106376.99316768158,0.0
2023-11-13,106376.99316768158,106376.99316768158,0.0
2023-11-15,106376.99316768158,106376.99316768158,0.0
2023-11-16,106376.99316768158,106376.99316768158,0.0
2023-11-17,106376.99316768158,106376.99316768158,0.0
2023-11-20,106376.99316768158,106376.99316768158,0.0
2023-11-21,106376.99316768158,106376.99316768158,0.0
2023-11-22,106376.99316768158,106376.99316768158,0.0
2023-11-24,106376.99316768158,106376.99316768158,0.0
2023-11-28,106376.99316768158,106376.99316768158,0.0
2023-11-29,106376.99316768158,106376.99316768158,0.0
2023-11-30,106376.99316768158,106376.99316768158,0.0
2023-12-01,106376.99316768158,106376.99316768158,0.0
2023-12-04,106376.99316768158,106376.99316768158,0.0
2023-12-05,106376.99316768158,106376.99316768158,0.0
2023-12-06,106376.99316768158,106376.99316768158,0.0
2023-12-07,106376.99316768158,106376.99316768158,0.0
2023-12-08,106376.99316768158,106376.99316768158,0.0
2023-12-11,106376.99316768158,106376.99316768158,0.0
2023-12-12,106376.99316768158,106376.99316768158,0.0
2023-12-13,106376.99316768158,106376.99316768158,0.0
2023-12-14,106376.99316768158,106376.99316768158,0.0
2023-12-15,106376.99316768158,106376.99316768158,0.0
2023-12-18,106376.99316768158,106376.99316768158,0.0
2023-12-19,106376.99316768158,106376.99316768158,0.0
2023-12-20,106376.99316768158,106376.99316768158,0.0
2023-12-21,106376.99316768158,106376.99316768158,0.0
2023-12-22,106376.99316768158,106376.99316768158,0.0
2023-12-26,106376.99316768158,106376.99316768158,0.0
2023-12-27,106376.99316768158,106376.99316768158,0.0
2023-12-28,106376.99316768158,106376.99316768158,0.0
2023-12-29,106376.99316768158,106376.99316768158,0.0
2024-01-02,106376.99316768158,106376.99316768158,0.0
2024-01-03,106376.99316768158,106376.99316768158,0.0
2024-01-04,106376.99316768158,106376.99316768158,0.0
2024-01-05,106376.99316768158,106376.99316768158,0.0
2024-01-08,106376.99316768158,106376.99316768158,0.0
2024-01-09,106376.99316768158,106376.99316768158,0.0
2024-01-10,106376.99316768158,106376.99316768158,0.0
2024-01-11,106376.99316768158,106376.99316768158,0.0
2024-01-12,106376.99316768158,106376.99316768158,0.0
2024-01-16,106376.99316768158,106376.99316768158,0.0
2024-01-17,106376.99316768158,106376.99316768158,0.0
2024-01-18,106770.37206759128,106770.37206759128,0.0
2024-01-19,106770.37206759128,106770.37206759128,0.0
2024-01-23,106770.37206759128,106770.37206759128,0.0
2024-01-24,106770.37206759128,106770.37206759128,0.0
2024-01-25,106770.37206759128,106770.37206759128,0.0
2024-01-29,106770.37206759128,106770.37206759128,0.0
2024-01-30,106770.37206759128,106770.37206759128,0.0
2024-01-31,106770.37206759128,106770.37206759128,0.0
2024-02-01,106770.37206759128,106770.37206759128,0.0
2024-02-02,106770.37206759128,106770.37206759128,0.0
2024-02-05,106770.37206759128,106770.37206759128,0.0
2024-02-06,106770.37206759128,106770.37206759128,0.0
2024-02-07,106770.37206759128,106770.37206759128,0.0
2024-02-08,106770.37206759128,106770.37206759128,0.0
2024-02-09,106770.37206759128,106770.37206759128,0.0
2024-02-12,106770.37206759128,106770.37206759128,0.0
2024-02-13,106770.37206759128,106770.37206759128,0.0
2024-02-14,106770.37206759128,106770.37206759128,0.0
2024-02-15,106770.37206759128,106770.37206759128,0.0
2024-02-16,106770.37206759128,106770.37206759128,0.0
2024-02-20,106770.37206759128,106770.37206759128,0.0
2024-02-21,106770.37206759128,106770.37206759128,0.0
2024-02-22,106770.37206759128,106770.37206759128,0.0
2024-02-23,106770.37206759128,106770.37206759128,0.0
2024-02-26,106770.37206759128,106770.37206759128,0.0
2024-02-27,106770.37206759128,106770.37206759128,0.0
2024-02-28,106770.37206759128,106770.37206759128,0.0
2024-02-29,106770.37206759128,106770.37206759128,0.0
2024-03-01,106770.37206759128,106770.37206759128,0.0
2024-03-04,106770.37206759128,106770.37206759128,0.0
2024-03-05,106770.37206759128,106770.37206759128,0.0
2024-03-06,106770.37206759128,106770.37206759128,0.0
2024-03-07,106770.37206759128,106770.37206759128,0.0
2024-03-11,106770.37206759128,106770.37206759128,0.0
2024-03-12,106770.37206759128,106770.37206759128,0.0
2024-03-13,106770.37206759128,106770.37206759128,0.0
2024-03-14,106770.37206759128,106770.37206759128,0.0
2024-03-15,106770.37206759128,106770.37206759128,0.0
2024-03-18,106770.37206759128,106770.37206759128,0.0
2024-03-19,106770.37206759128,106770.37206759128,0.0
2024-03-20,106770.37206759128,106770.37206759128,0.0
2024-03-21,106770.37206759128,106770.37206759128,0.0
2024-03-22,106770.37206759128,106770.37206759128,0.0
2024-03-26,106770.37206759128,106770.37206759128,0.0
2024-03-27,106770.37206759128,106770.37206759128,0.0
2024-03-28,106770.37206759128,106770.37206759128,0.0
2024-04-01,106770.37206759128,106770.37206759128,0.0
2024-04-02,106770.37206759128,106770.37206759128,0.0
2024-04-03,106770.37206759128,106770.37206759128,0.0
2024-04-04,106770.37206759128,106770.37206759128,0.0
2024-04-05,106770.37206759128,106770.37206759128,0.0
2024-04-08,106770.37206759128,106770.37206759128,0.0
2024-04-09,106770.37206759128,106770.37206759128,0.0
2024-04-10,106770.37206759128,106770.37206759128,0.0
2024-04-12,106770.37206759128,106770.37206759128,0.0
2024-04-15,106770.37206759128,106770.37206759128,0.0
2024-04-16,106770.37206759128,106770.37206759128,0.0
2024-04-18,106770.37206759128,106770.37206759128,0.0
2024-04-19,106770.37206759128,106770.37206759128,0.0
2024-04-22,106770.37206759128,106770.37206759128,0.0
2024-04-23,106770.37206759128,106770.37206759128,0.0
2024-04-24,106770.37206759128,106770.37206759128,0.0
2024-04-25,106770.37206759128,106770.37206759128,0.0
2024-04-26,106770.37206759128,106770.37206759128,0.0
2024-04-29,106770.37206759128,106770.37206759128,0.0
2024-04-30,106770.37206759128,106770.37206759128,0.0
2024-05-02,106770.37206759128,106770.37206759128,0.0
2024-05-03,106770.37206759128,106770.37206759128,0.0
2024-05-06,106770.37206759128,106770.37206759128,0.0
2024-05-07,106770.37206759128,106770.37206759128,0.0
2024-05-08,106770.37206759128,106770.37206759128,0.0
2024-05-09,106770.37206759128,106770.37206759128,0.0
2024-05-10,106770.37206759128,106770.37206759128,0.0
2024-05-13,106770.37206759128,106770.37206759128,0.0
2024-05-14,106770.37206759128,106770.37206759128,0.0
2024-05-15,106770.37206759128,106770.37206759128,0.0
2024-05-16,106770.37206759128,106770.37206759128,0.0
2024-05-17,106770.37206759128,106770.37206759128,0.0
2024-05-21,106770.37206759128,106770.37206759128,0.0
2024-05-22,106770.37206759128,106770.37206759128,0.0
2024-05-23,106770.37206759128,106770.37206759128,0.0
2024-05-24,106770.37206759128,106770.37206759128,0.0
2024-05-28,106770.37206759128,106770.37206759128,0.0
2024-05-29,106770.37206759128,106770.37206759128,0.0
2024-05-30,106770.37206759128,106770.37206759128,0.0
2024-05-31,106770.37206759128,106770.37206759128,0.0
2024-06-03,106770.37206759128,106770.37206759128,0.0
2024-06-04,106770.37206759128,106770.37206759128,0.0
2024-06-05,106770.37206759128,106770.37206759128,0.0
2024-06-06,106770.37206759128,106770.37206759128,0.0
2024-06-07,106770.37206759128,106770.37206759128,0.0
2024-06-10,106770.37206759128,106770.37206759128,0.0
2024-06-11,106770.37206759128,106770.37206759128,0.0
2024-06-12,106770.37206759128,106770.37206759128,0.0
2024-06-13,106770.37206759128,106770.37206759128,0.0
2024-06-14,106770.37206759128,106770.37206759128,0.0
2024-06-18,106770.37206759128,106770.37206759128,0.0
2024-06-20,106770.37206759128,106770.37206759128,0.0
2024-06-21,106770.37206759128,106770.37206759128,0.0
2024-06-24,106770.37206759128,106770.37206759128,0.0
2024-06-25,106770.37206759128,106770.37206759128,0.0
2024-06-26,106770.37206759128,106770.37206759128,0.0
2024-06-27,106770.37206759128,106770.37206759128,0.0
2024-06-28,106770.37206759128,106770.37206759128,0.0
2024-07-01,106770.37206759128,106770.37206759128,0.0
2024-07-02,106770.37206759128,106770.37206759128,0.0
2024-07-03,106770.37206759128,106770.37206759128,0.0
2024-07-05,106770.37206759128,106770.37206759128,0.0
2024-07-08,106770.37206759128,106770.37206759128,0.0
2024-07-09,106770.37206759128,106770.37206759128,0.0
2024-07-10,106770.37206759128,106770.37206759128,0.0
2024-07-11,106770.37206759128,106770.37206759128,0.0
2024-07-12,106770.37206759128,106770.37206759128,0.0
2024-07-15,106770.37206759128,106770.37206759128,0.0
2024-07-16,106770.37206759128,106770.37206759128,0.0
2024-07-18,106770.37206759128,106770.37206759128,0.0
2024-07-19,106770.37206759128,106770.37206759128,0.0
2024-07-22,106770.37206759128,106770.37206759128,0.0
2024-07-23,106770.37206759128,106770.37206759128,0.0
2024-07-24,107356.32887326751,107356.32887326751,0.0
2024-07-25,107356.32887326751,107356.32887326751,0.0
2024-07-26,107356.32887326751,107356.32887326751,0.0
2024-07-29,107356.32887326751,107356.32887326751,0.0
2024-07-30,107356.32887326751,107356.32887326751,0.0
2024-07-31,107356.32887326751,107356.32887326751,0.0
2024-08-01,107356.32887326751,107356.32887326751,0.0
2024-08-02,107356.32887326751,107356.32887326751,0.0
2024-08-05,107356.32887326751,107356.32887326751,0.0
2024-08-06,107356.32887326751,107356.32887326751,0.0
2024-08-07,107356.32887326751,107356.32887326751,0.0
2024-08-08,107356.32887326751,107356.32887326751,0.0
2024-08-09,107356.32887326751,107356.32887326751,0.0
2024-08-12,107356.32887326751,107356.32887326751,0.0
2024-08-13,107356.32887326751,107356.32887326751,0.0
2024-08-14,107356.32887326751,107356.32887326751,0.0
2024-08-16,107356.32887326751,107356.32887326751,0.0
2024-08-19,107356.32887326751,107356.32887326751,0.0
2024-08-20,107356.32887326751,107356.32887326751,0.0
2024-08-21,107356.32887326751,107356.32887326751,0.0
2024-08-22,107356.32887326751,107356.32887326751,0.0
2024-08-23,107356.32887326751,107356.32887326751,0.0
2024-08-26,107356.32887326751,107356.32887326751,0.0
2024-08-27,107356.32887326751,107356.32887326751,0.0
2024-08-28,107356.32887326751,107356.32887326751,0.0
2024-08-29,107356.32887326751,107356.32887326751,0.0
2024-08-30,107356.32887326751,107356.32887326751,0.0
2024-09-03,107356.32887326751,107356.32887326751,0.0
2024-09-04,107356.32887326751,107356.32887326751,0.0
2024-09-05,107356.32887326751,107356.32887326751,0.0
2024-09-06,107356.32887326751,107356.32887326751,0.0
2024-09-09,107356.32887326751,107356.32887326751,0.0
2024-09-10,107356.32887326751,107356.32887326751,0.0
2024-09-11,107356.32887326751,107356.32887326751,0.0
2024-09-12,107356.32887326751,107356.32887326751,0.0
2024-09-13,107356.32887326751,107356.32887326751,0.0
2024-09-16,107356.32887326751,107356.32887326751,0.0
2024-09-17,107356.32887326751,107356.32887326751,0.0
2024-09-18,107356.32887326751,107356.32887326751,0.0
2024-09-19,107356.32887326751,107356.32887326751,0.0
2024-09-20,107356.32887326751,107356.32887326751,0.0
2024-09-23,107356.32887326751,107356.32887326751,0.0
2024-09-24,107356.32887326751,107356.32887326751,0.0
2024-09-25,107356.32887326751,107356.32887326751,0.0
2024-09-26,107356.32887326751,107356.32887326751,0.0
2024-09-27,107356.32887326751,107356.32887326751,0.0
2024-09-30,107356.32887326751,107356.32887326751,0.0
2024-10-01,107356.32887326751,107356.32887326751,0.0
2024-10-03,107356.32887326751,107356.32887326751,0.0
2024-10-04,107356.32887326751,107356.32887326751,0.0
2024-10-07,107356.32887326751,107356.32887326751,0.0
2024-10-08,107356.32887326751,107356.32887326751,0.0
2024-10-09,107356.32887326751,107356.32887326751,0.0
2024-10-10,107356.32887326751,107356.32887326751,0.0
2024-10-11,107356.32887326751,107356.32887326751,0.0
2024-10-14,107356.32887326751,107356.32887326751,0.0
2024-10-15,107356.32887326751,107356.32887326751,0.0
2024-10-16,107356.32887326751,107356.32887326751,0.0
2024-10-17,107356.32887326751,107356.32887326751,0.0
2024-10-18,107356.32887326751,107356.32887326751,0.0
2024-10-21,107356.32887326751,107356.32887326751,0.0
2024-10-22,107356.32887326751,107356.32887326751,0.0
2024-10-23,107613.58256701837,107613.58256701837,0.0
2024-10-24,107613.58256701837,107613.58256701837,0.0
2024-10-25,107613.58256701837,107613.58256701837,0.0
2024-10-28,107613.58256701837,107613.58256701837,0.0
2024-10-29,107613.58256701837,107613.58256701837,0.0
2024-10-30,107613.58256701837,107613.58256701837,0.0
2024-10-31,107613.58256701837,107613.58256701837,0.0
2024-11-01,107613.58256701837,107613.58256701837,0.0
2024-11-04,107613.58256701837,107613.58256701837,0.0
2024-11-05,107613.58256701837,107613.58256701837,0.0
2024-11-06,107613.58256701837,107613.58256701837,0.0
2024-11-07,107613.58256701837,107613.58256701837,0.0
2024-11-08,107613.58256701837,107613.58256701837,0.0
2024-11-11,107613.58256701837,107613.58256701837,0.0
2024-11-12,107613.58256701837,107613.58256701837,0.0
2024-11-13,107613.58256701837,107613.58256701837,0.0
2024-11-14,107613.58256701837,107613.58256701837,0.0
2024-11-18,107613.58256701837,107613.58256701837,0.0
2024-11-19,107613.58256701837,107613.58256701837,0.0
2024-11-20,107613.58256701837,107613.58256701837,0.0
2024-11-21,107613.58256701837,107613.58256701837,0.0
2024-11-22,107613.58256701837,107613.58256701837,0.0
2024-11-25,107613.58256701837,107613.58256701837,0.0
2024-11-26,107613.58256701837,107613.58256701837,0.0
2024-11-27,107613.58256701837,107613.58256701837,0.0
2024-11-29,107613.58256701837,107613.58256701837,0.0
2024-12-02,107613.58256701837,107613.58256701837,0.0
2024-12-03,107613.58256701837,107613.58256701837,0.0
2024-12-04,107613.58256701837,107613.58256701837,0.0
2024-12-05,107613.58256701837,107613.58256701837,0.0
2024-12-06,107613.58256701837,107613.58256701837,0.0
2024-12-09,107613.58256701837,107613.58256701837,0.0
2024-12-10,107613.58256701837,107613.58256701837,0.0
2024-12-11,107613.58256701837,107613.58256701837,0.0
2024-12-12,107613.58256701837,107613.58256701837,0.0
2024-12-13,107613.58256701837,107613.58256701837,0.0
2024-12-16,107613.58256701837,107613.58256701837,0.0
2024-12-17,107613.58256701837,107613.58256701837,0.0
2024-12-18,107613.58256701837,107613.58256701837,0.0
2024-12-19,107613.58256701837,107613.58256701837,0.0
2024-12-20,107613.58256701837,107613.58256701837,0.0
2024-12-23,107613.58256701837,107613.58256701837,0.0
2024-12-24,107613.58256701837,107613.58256701837,0.0
2024-12-26,107613.58256701837,107613.58256701837,0.0
2024-12-27,107613.58256701837,107613.58256701837,0.0
2024-12-30,107613.58256701837,107613.58256701837,0.0
2024-12-31,107613.58256701837,107613.58256701837,0.0
2025-01-02,107613.58256701837,107613.58256701837,0.0
2025-01-03,107613.58256701837,107613.58256701837,0.0
2025-01-06,107613.58256701837,107613.58256701837,0.0
2025-01-07,107613.58256701837,107613.58256701837,0.0
2025-01-08,107613.58256701837,107613.58256701837,0.0
2025-01-10,107613.58256701837,107613.58256701837,0.0
2025-01-13,107613.58256701837,107613.58256701837,0.0
2025-01-14,107613.58256701837,107613.58256701837,0.0
2025-01-15,107613.58256701837,107613.58256701837,0.0
2025-01-16,107613.58256701837,107613.58256701837,0.0
2025-01-17,107613.58256701837,107613.58256701837,0.0
2025-01-21,107613.58256701837,107613.58256701837,0.0
2025-01-22,107613.58256701837,107613.58256701837,0.0
2025-01-23,107613.58256701837,107613.58256701837,0.0
2025-01-24,107862.84718551375,107862.84718551375,0.0
2025-01-27,107862.84718551375,107862.84718551375,0.0
2025-01-28,107862.84718551375,107862.84718551375,0.0
2025-01-29,107862.84718551375,107862.84718551375,0.0
2025-01-30,107862.84718551375,107862.84718551375,0.0
2025-01-31,107862.84718551375,107862.84718551375,0.0
2025-02-03,107862.84718551375,107862.84718551375,0.0
2025-02-04,107862.84718551375,107862.84718551375,0.0
2025-02-05,107862.84718551375,107862.84718551375,0.0
2025-02-06,107862.84718551375,107862.84718551375,0.0
2025-02-07,107862.84718551375,107862.84718551375,0.0
2025-02-10,107862.84718551375,107862.84718551375,0.0
2025-02-11,107862.84718551375,107862.84718551375,0.0
2025-02-12,107862.84718551375,107862.84718551375,0.0
2025-02-13,107862.84718551375,107862.84718551375,0.0
2025-02-14,107862.84718551375,107862.84718551375,0.0
2025-02-18,107862.84718551375,107862.84718551375,0.0
2025-02-19,107862.84718551375,107862.84718551375,0.0
2025-02-20,107862.84718551375,107862.84718551375,0.0
2025-02-21,107862.84718551375,107862.84718551375,0.0
2025-02-24,107862.84718551375,107862.84718551375,0.0
2025-02-25,107862.84718551375,107862.84718551375,0.0
2025-02-27,107862.84718551375,107862.84718551375,0.0
2025-02-28,107862.84718551375,107862.84718551375,0.0
2025-03-03,107862.84718551375,107862.84718551375,0.0
2025-03-04,107862.84718551375,107862.84718551375,0.0
2025-03-05,107862.84718551375,107862.84718551375,0.0
2025-03-06,108234.57568292985,108234.57568292985,0.0
2025-03-07,108234.57568292985,108234.57568292985,0.0
2025-03-10,108234.57568292985,108234.57568292985,0.0
2025-03-11,108234.57568292985,108234.57568292985,0.0
2025-03-12,108234.57568292985,108234.57568292985,0.0
2025-03-13,108234.57568292985,108234.57568292985,0.0
2025-03-17,108234.57568292985,108234.57568292985,0.0
2025-03-18,108234.57568292985,108234.57568292985,0.0
2025-03-19,108234.57568292985,108234.57568292985,0.0
2025-03-20,108234.57568292985,108234.57568292985,0.0
2025-03-21,108234.57568292985,108234.57568292985,0.0
2025-03-24,108546.03977720666,108546.03977720666,0.0
2025-03-25,108546.03977720666,108546.03977720666,0.0
2025-03-26,108546.03977720666,108546.03977720666,0.0
2025-03-27,108546.03977720666,108546.03977720666,0.0
2025-03-28,108546.03977720666,108546.03977720666,0.0
2025-04-01,108546.03977720666,108546.03977720666,0.0
2025-04-02,108546.03977720666,108546.03977720666,0.0
2025-04-03,108546.03977720666,108546.03977720666,0.0
2025-04-04,108546.03977720666,108546.03977720666,0.0
2025-04-07,108546.03977720666,108546.03977720666,0.0
2025-04-08,108546.03977720666,108546.03977720666,0.0
2025-04-09,108546.03977720666,108546.03977720666,0.0
2025-04-11,108546.03977720666,108546.03977720666,0.0
2025-04-15,108546.03977720666,108546.03977720666,0.0
2025-04-16,108546.03977720666,108546.03977720666,0.0
2025-04-17,108546.03977720666,108546.03977720666,0.0
2025-04-21,108546.03977720666,108546.03977720666,0.0
2025-04-22,108546.03977720666,108546.03977720666,0.0
2025-04-23,108854.76449112399,108854.76449112399,0.0
2025-04-24,108854.76449112399,108854.76449112399,0.0
2025-04-25,108854.76449112399,108854.76449112399,0.0
2025-04-28,108854.76449112399,108854.76449112399,0.0
2025-04-29,108854.76449112399,108854.76449112399,0.0
2025-04-30,108854.76449112399,108854.76449112399,0.0
2025-05-02,108854.76449112399,108854.76449112399,0.0
2025-05-05,108854.76449112399,108854.76449112399,0.0
2025-05-06,108854.76449112399,108854.76449112399,0.0
2025-05-07,108854.76449112399,108854.76449112399,0.0
2025-05-08,108854.76449112399,108854.76449112399,0.0
2025-05-09,108854.76449112399,108854.76449112399,0.0
2025-05-12,108854.76449112399,108854.76449112399,0.0
2025-05-13,108854.76449112399,108854.76449112399,0.0
2025-05-14,108854.76449112399,108854.76449112399,0.0
2025-05-15,108854.76449112399,108854.76449112399,0.0
2025-05-16,108854.76449112399,108854.76449112399,0.0
2025-05-19,108854.76449112399,108854.76449112399,0.0
2025-05-20,108854.76449112399,108854.76449112399,0.0
2025-05-21,108854.76449112399,108854.76449112399,0.0
2025-05-22,108854.76449112399,108854.76449112399,0.0
2025-05-23,108854.76449112399,108854.76449112399,0.0
2025-05-27,108854.76449112399,108854.76449112399,0.0
2025-05-28,108854.76449112399,108854.76449112399,0.0
2025-05-29,108854.76449112399,108854.76449112399,0.0
2025-05-30,108854.76449112399,108854.76449112399,0.0
2025-06-02,108854.76449112399,108854.76449112399,0.0
2025-06-03,108854.76449112399,108854.76449112399,0.0
2025-06-04,108854.76449112399,108854.76449112399,0.0
2025-06-05,108854.76449112399,108854.76449112399,0.0
2025-06-06,108854.76449112399,108854.76449112399,0.0
2025-06-09,108854.76449112399,108854.76449112399,0.0
2025-06-10,108854.76449112399,108854.76449112399,0.0
2025-06-11,108854.76449112399,108854.76449112399,0.0
2025-06-12,108854.76449112399,108854.76449112399,0.0
2025-06-13,108854.76449112399,108854.76449112399,0.0
2025-06-16,108854.76449112399,108854.76449112399,0.0
2025-06-17,108854.76449112399,108854.76449112399,0.0
2025-06-18,108854.76449112399,108854.76449112399,0.0
2025-06-20,108854.76449112399,108854.76449112399,0.0
2025-06-23,108854.76449112399,108854.76449112399,0.0
2025-06-24,108854.76449112399,108854.76449112399,0.0
2025-06-25,108854.76449112399,108854.76449112399,0.0
2025-06-26,108854.76449112399,108854.76449112399,0.0
2025-06-27,108854.76449112399,108854.76449112399,0.0
2025-06-30,108854.76449112399,108854.76449112399,0.0
2025-07-01,108854.76449112399,108854.76449112399,0.0
2025-07-02,109469.33189807339,109469.33189807339,0.0
2025-07-03,109469.33189807339,109469.33189807339,0.0
2025-07-07,109469.33189807339,109469.33189807339,0.0
2025-07-08,109469.33189807339,109469.33189807339,0.0
2025-07-09,109469.33189807339,109469.33189807339,0.0
2025-07-10,109469.33189807339,109469.33189807339,0.0
2025-07-11,109469.33189807339,109469.33189807339,0.0
2025-07-14,109469.33189807339,109469.33189807339,0.0
2025-07-15,109469.33189807339,109469.33189807339,0.0
2025-07-16,109469.33189807339,109469.33189807339,0.0
2025-07-17,109902.8197297301,109902.8197297301,0.0
2025-07-18,109902.8197297301,109902.8197297301,0.0
2025-07-21,109902.8197297301,109902.8197297301,0.0
2025-07-22,109902.8197297301,109902.8197297301,0.0
2025-07-23,109902.8197297301,109902.8197297301,0.0
2025-07-24,109902.8197297301,109902.8197297301,0.0
2025-07-25,109902.8197297301,109902.8197297301,0.0
2025-07-28,109902.8197297301,109902.8197297301,0.0
2025-07-29,109902.8197297301,109902.8197297301,0.0
2025-07-30,109902.8197297301,109902.8197297301,0.0
2025-07-31,109902.8197297301,109902.8197297301,0.0
2025-08-01,109902.8197297301,109902.8197297301,0.0
2025-08-04,109902.8197297301,109902.8197297301,0.0
2025-08-05,109902.8197297301,109902.8197297301,0.0
2025-08-06,109902.8197297301,109902.8197297301,0.0
2025-08-07,109902.8197297301,109902.8197297301,0.0
2025-08-08,109902.8197297301,109902.8197297301,0.0
2025-08-11,109902.8197297301,109902.8197297301,0.0
2025-08-12,109902.8197297301,109902.8197297301,0.0
2025-08-13,109902.8197297301,109902.8197297301,0.0
2025-08-14,109902.8197297301,109902.8197297301,0.0
2025-08-18,109902.8197297301,109902.8197297301,0.0
2025-08-19,109902.8197297301,109902.8197297301,0.0
2025-08-20,109902.8197297301,109902.8197297301,0.0
2025-08-21,109902.8197297301,109902.8197297301,0.0
2025-08-22,109902.8197297301,109902.8197297301,0.0
2025-08-25,109902.8197297301,109902.8197297301,0.0
2025-08-26,109902.8197297301,109902.8197297301,0.0
2025-08-28,109902.8197297301,109902.8197297301,0.0
2025-08-29,109902.8197297301,109902.8197297301,0.0
2025-09-02,109902.8197297301,109902.8197297301,0.0
2025-09-03,109902.8197297301,109902.8197297301,0.0
2025-09-04,109902.8197297301,109902.8197297301,0.0
2025-09-05,109902.8197297301,109902.8197297301,0.0
2025-09-08,109902.8197297301,109902.8197297301,0.0
2025-09-09,110261.59350002004,110261.59350002004,0.0
2025-09-10,110261.59350002004,110261.59350002004,0.0
2025-09-11,110261.59350002004,110261.59350002004,0.0
2025-09-12,110261.59350002004,110261.59350002004,0.0
2025-09-15,110261.59350002004,110261.59350002004,0.0
2025-09-16,110261.59350002004,110261.59350002004,0.0
2025-09-17,110261.59350002004,110261.59350002004,0.0
2025-09-18,110261.59350002004,110261.59350002004,0.0
2025-09-19,110261.59350002004,110261.59350002004,0.0
2025-09-22,110261.59350002004,110261.59350002004,0.0
2025-09-23,110261.59350002004,110261.59350002004,0.0
2025-09-24,110261.59350002004,110261.59350002004,0.0
2025-09-25,110261.59350002004,110261.59350002004,0.0
2025-09-26,110261.59350002004,110261.59350002004,0.0
2025-09-29,110261.59350002004,110261.59350002004,0.0
2025-09-30,110261.59350002004,110261.59350002004,0.0
2025-10-01,110261.59350002004,110261.59350002004,0.0
2025-10-03,110261.59350002004,110261.59350002004,0.0
2025-10-06,110261.59350002004,110261.59350002004,0.0
2025-10-07,110261.59350002004,110261.59350002004,0.0
2025-10-08,110261.59350002004,110261.59350002004,0.0
2025-10-09,110261.59350002004,110261.59350002004,0.0
2025-10-10,110261.59350002004,110261.59350002004,0.0
2025-10-13,110261.59350002004,110261.59350002004,0.0
2025-10-14,110261.59350002004,110261.59350002004,0.0
2025-10-15,110261.59350002004,110261.59350002004,0.0
2025-10-16,110261.59350002004,110261.59350002004,0.0
2025-10-17,110626.68495582633,110626.68495582633,0.0
2025-10-20,110626.68495582633,110626.68495582633,0.0
2025-10-21,110626.68495582633,110626.68495582633,0.0
2025-10-23,110626.68495582633,110626.68495582633,0.0
2025-10-24,110626.68495582633,110626.68495582633,0.0
2025-10-27,111112.9743621172,111112.9743621172,0.0
2025-10-28,111112.9743621172,111112.9743621172,0.0
2025-10-29,111112.9743621172,111112.9743621172,0.0
2025-10-30,111112.9743621172,111112.9743621172,0.0
2025-10-31,111112.9743621172,111112.9743621172,0.0
2025-11-03,111112.9743621172,111112.9743621172,0.0
2025-11-04,111112.9743621172,111112.9743621172,0.0
2025-11-06,111112.9743621172,111112.9743621172,0.0
2025-11-07,111112.9743621172,111112.9743621172,0.0
2025-11-10,111112.9743621172,111112.9743621172,0.0
2025-11-11,111112.9743621172,111112.9743621172,0.0
2025-11-12,111112.9743621172,111112.9743621172,0.0
2025-11-13,111112.9743621172,111112.9743621172,0.0
2025-11-14,111112.9743621172,111112.9743621172,0.0
2025-11-17,111112.9743621172,111112.9743621172,0.0
2025-11-18,111112.9743621172,111112.9743621172,0.0
2025-11-19,111112.9743621172,111112.9743621172,0.0
2025-11-20,111112.9743621172,111112.9743621172,0.0
2025-11-21,111112.9743621172,111112.9743621172,0.0
2025-11-24,111112.9743621172,111112.9743621172,0.0
2025-11-25,111112.9743621172,111112.9743621172,0.0
2025-11-26,111112.9743621172,111112.9743621172,0.0
2025-11-28,111112.9743621172,111112.9743621172,0.0
2025-12-01,111112.9743621172,111112.9743621172,0.0
2025-12-02,111112.9743621172,111112.9743621172,0.0
2025-12-03,111112.9743621172,111112.9743621172,0.0
2025-12-04,111112.9743621172,111112.9743621172,0.0
2025-12-05,111112.9743621172,111112.9743621172,0.0
2025-12-08,111112.9743621172,111112.9743621172,0.0
2025-12-09,111413.67650984596,111413.67650984596,0.0
2025-12-10,111413.67650984596,111413.67650984596,0.0
2025-12-11,111413.67650984596,111413.67650984596,0.0
2025-12-12,111413.67650984596,111413.67650984596,0.0
2025-12-15,111413.67650984596,111413.67650984596,0.0
2025-12-16,111413.67650984596,111413.67650984596,0.0
2025-12-17,111413.67650984596,111413.67650984596,0.0
2025-12-18,111413.67650984596,111413.67650984596,0.0
2025-12-19,111413.67650984596,111413.67650984596,0.0
2025-12-22,111413.67650984596,111413.67650984596,0.0
2025-12-23,112092.45403751185,112092.45403751185,0.0
2025-12-24,112092.45403751185,112092.45403751185,0.0
2025-12-26,112092.45403751185,112092.45403751185,0.0
2025-12-29,112092.45403751185,112092.45403751185,0.0
2025-12-30,112092.45403751185,112092.45403751185,0.0
2025-12-31,112092.45403751185,112092.45403751185,0.0
2026-01-02,112092.45403751185,112092.45403751185,0.0
2026-01-05,112092.45403751185,112092.45403751185,0.0
2026-01-06,112092.45403751185,112092.45403751185,0.0
2026-01-07,112092.45403751185,112092.45403751185,0.0
2026-01-08,112092.45403751185,112092.45403751185,0.0
2026-01-09,112092.45403751185,112092.45403751185,0.0
2026-01-12,112092.45403751185,112092.45403751185,0.0
2026-01-13,112092.45403751185,112092.45403751185,0.0
2026-01-14,112092.45403751185,112092.45403751185,0.0
2026-01-16,113041.172111623,113041.172111623,0.0
2026-01-20,113041.172111623,113041.172111623,0.0
2026-01-21,113041.172111623,113041.172111623,0.0
2026-01-22,113041.172111623,113041.172111623,0.0
2026-01-23,113041.172111623,113041.172111623,0.0
2026-01-27,113041.172111623,113041.172111623,0.0
2026-01-28,113041.172111623,113041.172111623,0.0
2026-01-29,113041.172111623,113041.172111623,0.0
2026-01-30,113041.172111623,113041.172111623,0.0
2026-02-02,113041.172111623,113041.172111623,0.0
2026-02-03,113041.172111623,113041.172111623,0.0
2026-02-04,113041.172111623,113041.172111623,0.0
2026-02-05,113343.60398926152,113343.60398926152,0.0
2026-02-06,113343.60398926152,113343.60398926152,0.0
2026-02-09,113343.60398926152,113343.60398926152,0.0
2026-02-10,113343.60398926152,113343.60398926152,0.0
2026-02-11,113343.60398926152,113343.60398926152,0.0
2026-02-12,113343.60398926152,113343.60398926152,0.0
2026-02-13,113343.60398926152,113343.60398926152,0.0
2026-02-17,113343.60398926152,113343.60398926152,0.0
2026-02-18,113343.60398926152,113343.60398926152,0.0
2026-02-19,113343.60398926152,113343.60398926152,0.0
2026-02-20,113343.60398926152,113343.60398926152,0.0
2026-02-23,113343.60398926152,113343.60398926152,0.0
2026-02-24,113343.60398926152,113343.60398926152,0.0
2026-02-25,114133.73368519067,114133.73368519067,0.0
2026-02-26,114133.73368519067,114133.73368519067,0.0
2026-02-27,114133.73368519067,114133.73368519067,0.0
2026-03-02,114133.73368519067,114133.73368519067,0.0
2026-03-04,114133.73368519067,114133.73368519067,0.0
2026-03-05,114133.73368519067,114133.73368519067,0.0
2026-03-06,114133.73368519067,114133.73368519067,0.0
2026-03-09,114133.73368519067,114133.73368519067,0.0
2026-03-10,114549.63226225213,114549.63226225213,0.0
2026-03-11,114549.63226225213,114549.63226225213,0.0
2026-03-12,114549.63226225213,114549.63226225213,0.0
2026-03-13,114549.63226225213,114549.63226225213,0.0
2026-03-16,114549.63226225213,114549.63226225213,0.0
2026-03-17,114549.63226225213,114549.63226225213,0.0
2026-03-18,114549.63226225213,114549.63226225213,0.0
2026-03-19,114549.63226225213,114549.63226225213,0.0
2026-03-20,114549.63226225213,114549.63226225213,0.0
2026-03-23,114549.63226225213,114549.63226225213,0.0
2026-03-24,114549.63226225213,114549.63226225213,0.0
2026-03-25,114549.63226225213,114549.63226225213,0.0
2026-03-27,114549.63226225213,114549.63226225213,0.0
2026-03-30,115103.08830640596,115103.08830640596,0.0
2026-04-01,115103.08830640596,115103.08830640596,0.0
2026-04-02,115103.08830640596,115103.08830640596,0.0
2026-04-06,115103.08830640596,115103.08830640596,0.0
2026-04-07,115103.08830640596,115103.08830640596,0.0
2026-04-08,115103.08830640596,115103.08830640596,0.0
2026-04-09,115103.08830640596,115103.08830640596,0.0
2026-04-10,115103.08830640596,115103.08830640596,0.0
2026-04-13,115103.08830640596,115103.08830640596,0.0
2026-04-15,115103.08830640596,115103.08830640596,0.0
2026-04-16,115103.08830640596,115103.08830640596,0.0
2026-04-17,115103.08830640596,115103.08830640596,0.0
2026-04-20,115103.08830640596,115103.08830640596,0.0
2026-04-21,115424.25965891925,115424.25965891925,0.0
2026-04-22,115424.25965891925,115424.25965891925,0.0
2026-04-23,115424.25965891925,115424.25965891925,0.0
2026-04-24,115424.25965891925,115424.25965891925,0.0
2026-04-27,115424.25965891925,115424.25965891925,0.0
2026-04-28,115424.25965891925,115424.25965891925,0.0
2026-04-29,115911.76454872671,115911.76454872671,0.0
2026-04-30,115911.76454872671,115911.76454872671,0.0
2026-05-04,115911.76454872671,115911.76454872671,0.0
2026-05-05,115911.76454872671,115911.76454872671,0.0
2026-05-06,115911.76454872671,115911.76454872671,0.0
2026-05-07,115911.76454872671,115911.76454872671,0.0
2026-05-08,115911.76454872671,115911.76454872671,0.0
2026-05-11,115911.76454872671,115911.76454872671,0.0
2026-05-12,115911.76454872671,115911.76454872671,0.0
2026-05-13,115911.76454872671,115911.76454872671,0.0
2026-05-14,115911.76454872671,115911.76454872671,0.0
2026-05-15,115911.76454872671,115911.76454872671,0.0
2026-05-18,115911.76454872671,115911.76454872671,0.0
2026-05-19,115911.76454872671,115911.76454872671,0.0
2026-05-20,115911.76454872671,115911.76454872671,0.0
2026-05-21,115911.76454872671,115911.76454872671,0.0
2026-05-22,115911.76454872671,115911.76454872671,0.0
2026-05-26,115911.76454872671,115911.76454872671,0.0
2026-05-27,115911.76454872671,115911.76454872671,0.0
2026-05-29,115911.76454872671,115911.76454872671,0.0
2026-06-01,115911.76454872671,115911.76454872671,0.0
2026-06-02,116486.50254576032,116486.50254576032,0.0
2026-06-03,116486.50254576032,116486.50254576032,0.0
2026-06-04,116486.50254576032,116486.50254576032,0.0
2026-06-05,116486.50254576032,116486.50254576032,0.0
2026-06-08,116486.50254576032,116486.50254576032,0.0
2026-06-09,116486.50254576032,116486.50254576032,0.0
2026-06-10,116486.50254576032,116486.50254576032,0.0
2026-06-11,116486.50254576032,116486.50254576032,0.0
2026-06-12,116486.50254576032,116486.50254576032,0.0
2026-06-15,116486.50254576032,116486.50254576032,0.0
2026-06-16,116486.50254576032,116486.50254576032,0.0
2026-06-17,116486.50254576032,116486.50254576032,0.0
2026-06-18,116486.50254576032,116486.50254576032,0.0
2026-06-22,116486.50254576032,116486.50254576032,0.0
2026-06-23,116486.50254576032,116486.50254576032,0.0
2026-06-24,116486.50254576032,116486.50254576032,0.0
2026-06-25,116486.50254576032,116486.50254576032,0.0
2026-06-29,116486.50254576032,116486.50254576032,0.0
2026-06-30,116486.50254576032,116486.50254576032,0.0
2026-07-01,117144.6549498503,117144.6549498503,0.0
2026-07-02,117144.6549498503,117144.6549498503,0.0
2026-07-06,117144.6549498503,117144.6549498503,0.0
2026-07-07,117144.6549498503,117144.6549498503,0.0
2026-07-08,117144.6549498503,117144.6549498503,0.0
2026-07-09,117144.6549498503,117144.6549498503,0.0
2026-07-10,117144.6549498503,117144.6549498503,0.0
2026-07-13,117144.6549498503,117144.6549498503,0.0
2026-07-14,117144.6549498503,117144.6549498503,0.0
2026-07-15,117144.6549498503,117144.6549498503,0.0
2026-07-16,117144.6549498503,117144.6549498503,0.0
2026-07-17,117144.6549498503,117144.6549498503,0.0
2026-07-20,117144.6549498503,117144.6549498503,0.0
2026-07-21,117144.6549498503,117144.6549498503,0.0
2026-07-22,117144.6549498503,117144.6549498503,0.0
2026-07-23,117144.6549498503,117144.6549498503,0.0
2026-07-24,117144.6549498503,117144.6549498503,0.0
2026-07-27,117144.6549498503,117144.6549498503,0.0
2026-07-28,117144.6549498503,117144.6549498503,0.0
2026-07-29,117144.6549498503,117144.6549498503,0.0
2026-07-30,117144.6549498503,117144.6549498503,0.0
2026-07-31,117144.6549498503,117144.6549498503,0.0
2026-08-03,117144.6549498503,117144.6549498503,0.0
2026-08-04,117144.6549498503,117144.6549498503,0.0
2026-08-05,117144.6549498503,117144.6549498503,0.0
2026-08-06,117144.6549498503,117144.6549498503,0.0
2026-08-07,117266.62650631774,117266.62650631774,0.0
2026-08-10,117266.62650631774,117266.62650631774,0.0
2026-08-11,117266.62650631774,117266.62650631774,0.0
2026-08-12,117266.62650631774,117266.62650631774,0.0
2026-08-13,117266.62650631774,117266.62650631774,0.0
2026-08-14,117266.62650631774,117266.62650631774,0.0
2026-08-17,117266.62650631774,117266.62650631774,0.0
2026-08-18,117266.62650631774,117266.62650631774,0.0
2026-08-19,117266.62650631774,117266.62650631774,0.0
2026-08-20,117266.62650631774,117266.62650631774,0.0
2026-08-21,117266.62650631774,117266.62650631774,0.0
2026-08-24,117266.62650631774,117266.62650631774,0.0
2026-08-25,117266.62650631774,117266.62650631774,0.0
2026-08-26,117266.62650631774,117266.62650631774,0.0
2026-08-27,117266.62650631774,117266.62650631774,0.0
2026-08-28,117266.62650631774,117266.62650631774,0.0
2026-08-31,117266.62650631774,117266.62650631774,0.0
2026-09-01,117266.62650631774,117266.62650631774,0.0
2026-09-02,117266.62650631774,117266.62650631774,0.0
2026-09-03,117266.62650631774,117266.62650631774,0.0
2026-09-04,117266.62650631774,117266.62650631774,0.0
2026-09-08,117266.62650631774,117266.62650631774,0.0
2026-09-09,117266.62650631774,117266.62650631774,0.0
2026-09-10,117266.62650631774,117266.62650631774,0.0
2026-09-11,117266.62650631774,117266.62650631774,0.0
2026-09-15,117266.62650631774,117266.62650631774,0.0
2026-09-16,117266.62650631774,117266.62650631774,0.0
2026-09-17,117266.62650631774,117266.62650631774,0.0
2026-09-18,117266.62650631774,117266.62650631774,0.0
2026-09-21,117266.62650631774,117266.62650631774,0.0
