date,india_close,us_close,usdinr,fair_value,premium
2021-09-23,1742.6,23.73,73.7,23.64450474898236,0.0036158613565937525
2021-09-24,1763.9,23.68,73.81,23.897845820349545,-0.00911570950734164
2021-09-27,1721.2,22.9,73.86,23.303547251557,-0.017316988147803913
2021-09-28,1687.1,22.09,74.21,22.734132866190542,-0.028333293817793925
2021-09-29,1692.3,22.48,74.28,22.7827140549273,-0.013287005850026512
2021-09-30,1675.2,22.25,74.16,22.588996763754047,-0.015007163323782269
2021-10-01,1665.2,22.33,74.15,22.457181389076197,-0.00566328368964697
2021-10-04,1678.8,22.15,74.46,22.546333601933924,-0.017578627591136597
2021-10-05,1692.8,22.75,74.51,22.719098107636558,0.0013601724952740923
2021-10-06,1673.6,22.45,74.82,22.368350708366748,0.003650215105162502
2021-10-07,1691.0,22.77,74.85,22.59185036740147,0.007885570668243691
2021-10-08,1723.9,21.93,75.05,22.970019986675553,-0.045277278264400644
2021-10-11,1691.0,21.82,75.05,22.531645569620252,-0.03158426966292127
2021-10-12,1685.2,21.88,75.46,22.33236151603499,-0.020255874673629437
2021-10-13,1709.2,22.65,75.33,22.689499535377674,-0.0017408729230050657
2021-10-14,1715.8,22.71,75.18,22.822559191274273,-0.004931926797994923
2021-10-18,1792.2,23.78,75.32,23.79447689856612,-0.0006084142394822134
2021-10-19,1822.2,24.22,75.06,24.276578737010393,-0.0023305893974318037
2021-10-20,1802.4,24.13,74.83,24.08659628491247,0.0018019862405680431
2021-10-21,1753.7,23.41,74.8,23.4451871657754,-0.001500826823287893
2021-10-22,1719.8,23.01,74.87,22.970482169093092,0.0017203744621470118
2021-10-25,1707.6,22.93,75.05,22.752831445702864,0.00778665963925973
2021-10-26,1703.7,22.69,74.9,22.74632843791722,-0.002476374948641058
2021-10-27,1729.0,22.55,75.01,23.050259965337954,-0.021703007518796946
2021-10-28,1703.9,22.56,74.77,22.788551558111543,-0.010029227067316238
2021-10-29,1667.8,22.28,75.0,22.237333333333332,0.0019186952872047858
2021-11-01,1700.1,22.47,74.83,22.71949752772952,-0.01098164813834479
2021-11-02,1697.9,22.66,74.63,22.7509044620126,-0.003995641675010431
2021-11-03,1702.5,22.71,74.51,22.849281975573746,-0.006095682819383108
2021-11-04,1708.7,22.71,74.53,22.92633838722662,-0.00943623807573013
2021-11-08,1737.5,23.44,73.91,23.50832093086186,-0.0029062446043165435
2021-11-09,1742.5,23.3,74.1,23.51551956815115,-0.009164992826398932
2021-11-10,1740.2,22.96,74.26,23.433880958793427,-0.020222043443282267
2021-11-11,1733.3,23.2,74.26,23.34096417990843,-0.006039346910517551
2021-11-12,1780.2,23.7,74.4,23.927419354838708,-0.00950455005055606
2021-11-15,1787.2,23.63,74.35,24.03765971755212,-0.016959209937332242
2021-11-16,1792.3,24.03,74.48,24.064178302900107,-0.0014202979411928052
2021-11-17,1787.5,23.74,74.28,24.06435110393107,-0.013478489510489466
2021-11-18,1779.4,23.65,74.25,23.964983164983167,-0.013143475328762588
2021-11-22,1759.4,22.77,74.37,23.657388732015598,-0.037510003410253456
2021-11-23,1736.9,22.89,74.49,23.31722378842798,-0.01832224077379252
2021-11-24,1696.0,22.61,74.57,22.743730722810785,-0.005879893867924646
2021-11-26,1691.7,22.2,74.89,22.589130725063427,-0.017226458591948934
2021-11-29,1696.4,22.62,75.12,22.582534611288605,0.0016590426786136092
2021-11-30,1712.7,22.58,75.1,22.805592543275633,-0.009891983417995132
2021-12-01,1714.9,22.44,74.83,22.91727916610985,-0.020826170622193718
2021-12-02,1748.3,23.44,74.89,23.34490586193083,0.0040734427729796074
2021-12-03,1735.6,22.88,75.24,23.067517278043596,-0.008129061995851727
2021-12-06,1695.3,22.25,75.39,22.48706725029845,-0.010542381879313445
2021-12-07,1711.7,23.06,75.43,22.692562640859073,0.016191972892446227
2021-12-08,1753.4,23.44,75.4,23.254641909814325,0.007970799589369193
2021-12-09,1763.5,23.25,75.58,23.332892299550146,-0.003552594272753007
2021-12-10,1759.3,23.19,75.66,23.25270948982289,-0.0026968680725287797
2021-12-13,1744.7,22.61,75.78,23.02322512536289,-0.017948185934544614
2021-12-14,1752.2,22.89,75.98,23.06133192945512,-0.007429403036183002
2021-12-15,1734.2,23.26,76.38,22.70489656978267,0.02444862184292451
2021-12-16,1771.6,24.11,76.18,23.255447624048305,0.03674633100022584
2021-12-17,1820.9,24.04,75.98,23.96551724137931,0.0031079136690648212
2021-12-20,1798.9,23.69,75.82,23.725929833816938,-0.0015143698927122529
2021-12-21,1811.6,24.22,75.67,23.940795559666974,0.01166228748067999
2021-12-22,1824.7,24.53,75.45,24.184227965540092,0.014297418753767888
2021-12-23,1857.6,24.73,75.02,24.76139696081045,-0.001267980189491813
2021-12-27,1866.2,25.33,74.97,24.89262371615313,0.0175705176294072
2021-12-28,1888.0,25.3,74.67,25.284585509575464,0.000609639830508435
2021-12-29,1885.6,25.38,74.58,25.282917672298204,0.0038398387781077847
2021-12-30,1892.9,25.41,74.39,25.44562441188332,-0.0014000211315970956
2021-12-31,1887.8,25.31,74.39,25.377066810055116,-0.0026428117385316474
2022-01-03,1898.5,25.26,74.32,25.544940796555437,-0.011154490387147775
2022-01-04,1899.2,25.11,74.52,25.48577563070317,-0.014744524010109616
2022-01-05,1844.7,24.3,74.31,24.82438433589019,-0.02112375996096927
2022-01-06,1817.8,24.11,74.4,24.43279569892473,-0.013211574430630368
2022-01-07,1814.3,24.2,74.27,24.428436784704456,-0.009351264950669624
2022-01-10,1850.8,24.77,74.06,24.990548204158788,-0.008825264750378148
2022-01-11,1855.6,25.02,73.81,25.140224901774825,-0.004782172882086599
2022-01-12,1877.5,25.75,73.77,25.45072522705707,0.011758988015978744
2022-01-13,1896.8,25.6,73.96,25.646295294753923,-0.001805145508224415
2022-01-14,1929.4,26.2,74.08,26.044816414686828,0.005958329014201125
2022-01-18,1920.8,25.51,74.56,25.761802575107296,-0.009774260724698003
2022-01-19,1867.1,24.47,74.39,25.09880360263476,-0.025053130523271294
2022-01-20,1823.7,23.68,74.32,24.538482238966633,-0.03498514009979725
2022-01-21,1785.7,23.41,74.28,24.04011847065159,-0.02621112168897355
2022-01-24,1736.8,22.94,74.72,23.2441113490364,-0.013083371718102144
2022-01-25,1722.2,22.48,74.73,23.045630938043622,-0.024543955405876172
2022-01-27,1678.6,21.81,75.18,22.32774674115456,-0.023188490408673768
2022-01-28,1686.2,22.66,75.0,22.482666666666667,0.00788755782232231
2022-01-31,1736.2,23.57,74.6,23.273458445040216,0.01274161962907483
2022-02-01,1772.1,23.52,74.78,23.69751270393153,-0.0074907736583713636
2022-02-02,1787.1,23.77,74.77,23.901297311756053,-0.0054933131889653986
2022-02-03,1738.6,22.76,74.71,23.271315754249766,-0.02197193143908882
2022-02-04,1741.1,22.89,74.61,23.33601393915025,-0.019112687381540372
2022-02-07,1715.0,22.47,74.68,22.964649169791105,-0.021539591836734595
2022-02-08,1717.3,22.89,74.71,22.986213358318835,-0.004185698480172473
2022-02-09,1737.3,23.41,74.8,23.225935828877006,0.007924941000402974
2022-02-10,1769.6,22.94,75.07,23.572665512188625,-0.026838946654611173
2022-02-11,1721.4,22.27,75.34,22.848420493761616,-0.025315557104682362
2022-02-14,1682.2,22.19,75.63,22.24249636387677,-0.0023601830935680024
2022-02-15,1738.3,22.89,75.2,23.1156914893617,-0.009763562100903123
2022-02-16,1733.3,22.84,75.03,23.101426096228174,-0.01131644839323831
2022-02-17,1724.8,22.43,75.02,22.991202346041057,-0.024409438775510273
2022-02-18,1707.0,22.51,74.63,22.87283934074769,-0.01586332747510244
2022-02-22,1734.4,23.05,74.65,23.2337575351641,-0.00790907518450179
2022-02-23,1742.9,22.72,74.6,23.363270777479897,-0.027533421309312356
2022-02-24,1678.2,22.24,75.61,22.195476788784553,0.002005958765343596
2022-02-25,1694.6,22.84,75.09,22.567585563989876,0.012071049215154117
2022-02-28,1715.6,22.46,75.49,22.726188899191946,-0.011712870132898123
2022-03-02,1702.8,22.59,75.61,22.520830577965878,0.003071353065539073
2022-03-03,1720.9,22.52,75.94,22.661311561759284,-0.006235806845255376
2022-03-04,1723.3,22.46,76.42,22.550379481811042,-0.0040078918354319315
2022-03-07,1739.6,22.58,76.91,22.618645169678846,-0.0017085536905037113
2022-03-08,1778.2,23.33,77.07,23.07253146490204,0.011159093465301861
2022-03-09,1813.4,23.9,76.36,23.748035620743845,0.006399029447446747
2022-03-10,1825.9,23.84,76.37,23.908602854524027,-0.002869379484090051
2022-03-11,1822.0,24.01,76.48,23.823221757322173,0.007840175631174784
2022-03-14,1890.7,24.69,76.45,24.731196860693263,-0.0016657851589357842
2022-03-15,1839.3,24.19,76.41,24.07145661562623,0.004924645245473869
2022-03-16,1889.4,25.11,76.17,24.80504135486412,0.01229422038742456
2022-03-17,1854.6,24.49,75.94,24.42191203581775,0.0027879866278441856
2022-03-21,1853.1,24.21,76.19,24.322089513059456,-0.004608547838756638
2022-03-22,1887.4,24.79,76.06,24.814620036813043,-0.0009921585249550446
2022-03-23,1872.4,24.31,76.46,24.488621501438665,-0.007294061098056193
2022-03-24,1886.7,24.67,76.18,24.766342872144918,-0.0038900726135578934
2022-03-25,1876.6,24.73,76.25,24.611147540983605,0.004829212405414118
2022-03-28,1873.9,24.72,76.06,24.63712858269787,0.0033636800256149346
2022-03-29,1886.0,25.11,75.58,24.953691452765284,0.006263944856839787
2022-03-30,1904.0,24.97,75.76,25.131995776135163,-0.006445798319327789
2022-03-31,1906.9,24.89,75.87,25.13378146830104,-0.009699354974041619
2022-04-01,1903.6,24.61,75.96,25.060558188520275,-0.01797877705400297
2022-04-04,1883.0,24.74,75.42,24.966852293821265,-0.009086139139670713
2022-04-05,1861.1,24.38,75.31,24.712521577479748,-0.01345559077964642
2022-04-06,1828.9,23.97,75.92,24.089831401475237,-0.004974356170375671
2022-04-07,1811.0,23.82,75.9,23.860342555994727,-0.0016907785753725868
2022-04-08,1814.6,23.7,75.93,23.89832740682207,-0.008298798633307514
2022-04-11,1766.6,23.05,75.85,23.29070533948583,-0.01033482395562102
2022-04-12,1742.5,22.57,76.02,22.921599579058142,-0.015339225251076005
2022-04-13,1748.6,21.19,76.14,22.965589703178356,-0.07731522360745735
2022-04-18,1621.4,20.56,76.22,21.272631855156128,-0.0334999383249045
2022-04-19,1562.0,20.42,76.39,20.44770257887158,-0.001354801536491701
2022-04-20,1587.7,20.57,76.24,20.825026232948584,-0.012246142218303224
2022-04-21,1618.8,20.68,76.23,21.235733963006687,-0.02616975537435129
2022-04-22,1585.5,20.26,76.49,20.72819976467512,-0.022587574897508622
2022-04-25,1561.1,20.41,76.72,20.348018769551615,0.0030460572673116637
2022-04-26,1581.0,20.12,76.61,20.636992559718053,-0.025051739405439588
2022-04-27,1552.8,20.12,76.61,20.26889440020885,-0.007345955692941719
2022-04-28,1582.6,20.5,76.66,20.644403861205323,-0.006994818652849788
2022-04-29,1567.6,19.87,76.48,20.49686192468619,-0.030583312069405233
2022-05-02,1541.0,20.15,76.49,20.146424369198588,0.00017748215444512994
2022-05-04,1535.6,20.61,76.24,20.141657922350472,0.02325240948163576
2022-05-05,1585.2,20.31,76.54,20.710739482623463,-0.019349356548069574
2022-05-06,1542.9,19.85,76.9,20.06371911573472,-0.01065201892540013
2022-05-09,1570.4,19.82,77.45,20.276307295029053,-0.02250445746306684
2022-05-10,1553.0,19.76,77.31,20.087957573405767,-0.01632607855763024
2022-05-11,1526.8,19.41,77.28,19.75672877846791,-0.01754990830495151
2022-05-12,1508.8,19.53,77.39,19.496058922341387,0.0017409199363733752
2022-05-13,1504.4,19.45,77.42,19.43167140273831,0.0009432331826642049
2022-05-16,1489.1,18.94,77.82,19.135183757388848,-0.010200255187697294
2022-05-17,1518.5,19.61,77.46,19.60366640846889,0.0003230819888047076
2022-05-18,1509.2,18.78,77.71,19.42092394801184,-0.03300172276702884
2022-05-19,1427.2,18.63,77.45,18.427372498386056,0.010996006165919114
2022-05-20,1455.2,18.7,77.79,18.706774649697902,-0.00036214953271018757
2022-05-23,1468.4,18.89,77.51,18.944652302928656,-0.0028848406428766404
2022-05-24,1441.0,18.4,77.5,18.593548387096774,-0.010409437890353979
2022-05-25,1410.5,18.14,77.58,18.181232276359886,-0.002267848280751439
2022-05-26,1424.0,18.45,77.66,18.336337883080095,0.006198735955055934
2022-05-27,1461.4,19.0,77.58,18.83732920855891,0.00863555494731072
2022-05-31,1503.6,18.86,77.59,19.378785926021393,-0.026770816706570888
2022-06-01,1478.6,19.03,77.59,19.056579456115475,-0.001394765318544322
2022-06-02,1508.0,19.51,77.41,19.48068724970934,0.0015047082228116793
2022-06-03,1521.7,19.38,77.59,19.612063410233276,-0.011832687126240304
2022-06-06,1530.1,19.43,77.83,19.659514326095334,-0.011674465721194571
2022-06-07,1506.7,19.38,77.66,19.401236157610096,-0.0010945775535941005
2022-06-08,1500.0,19.16,77.65,19.317450096587248,-0.008150666666666528
2022-06-09,1515.0,18.88,77.84,19.46300102774923,-0.029954323432343277
2022-06-10,1476.8,18.33,78.08,18.91393442622951,-0.030873239436619904
2022-06-13,1424.5,17.85,78.08,18.24410860655738,-0.02160196560196559
2022-06-14,1440.6,18.24,78.01,18.466863222663758,-0.012284881299458483
2022-06-15,1422.2,18.29,78.12,18.205325140809013,0.004651103923498656
2022-06-16,1397.2,17.67,78.0,17.912820512820513,-0.01355568279415964
2022-06-17,1387.3,17.76,78.0,17.785897435897436,-0.0014560657392055365
2022-06-21,1449.9,18.77,78.08,18.569415983606557,0.010801848403338088
2022-06-22,1437.3,18.32,78.21,18.377445339470658,-0.003125860989355078
2022-06-23,1452.5,18.44,78.14,18.58843102124392,-0.007985129087779597
2022-06-24,1441.1,18.67,78.25,18.41661341853035,0.013758587190340954
2022-06-27,1474.6,18.76,78.45,18.796685787125554,-0.001951715719516911
2022-06-28,1480.2,18.46,78.97,18.743826769659364,-0.015142413187407056
2022-06-29,1463.3,18.61,78.91,18.54391078443797,0.0035639308412491744
2022-06-30,1461.9,18.51,79.02,18.50037965072134,0.0005200082084957369
2022-07-01,1479.4,18.85,78.89,18.752693624033466,0.005188927943760913
2022-07-05,1476.0,18.67,79.27,18.619906648164502,0.002690311653116506
2022-07-06,1491.7,18.93,79.02,18.8774993672488,0.0027811222095595056
2022-07-07,1498.7,19.16,79.12,18.94211324570273,0.011502769066524365
2022-07-08,1514.5,19.06,79.25,19.110410094637224,-0.0026378342687356504
2022-07-11,1473.2,18.46,79.46,18.540145985401463,-0.0043228346456694045
2022-07-12,1438.6,18.21,79.45,18.106985525487726,0.005689211733630017
2022-07-13,1444.5,18.11,79.68,18.128765060240962,-0.0010350986500518022
2022-07-14,1428.9,17.9,79.94,17.874655991993997,0.0014178738890053832
2022-07-15,1430.4,18.17,79.74,17.93829947328819,0.012916526845637488
2022-07-18,1489.9,18.44,79.99,18.626078259782474,-0.009990200684609762
2022-07-19,1484.2,18.71,79.88,18.580370555833753,0.006976687777927371
2022-07-20,1515.3,18.72,79.96,18.950725362681343,-0.012175014848544996
2022-07-21,1532.9,19.21,79.85,19.197244834063873,0.0006644269032551886
2022-07-22,1506.3,18.88,79.83,18.868846298384067,0.000591117307309208
2022-07-25,1503.6,18.56,79.79,18.844466725153527,-0.015095504123437076
2022-07-26,1451.2,17.91,79.82,18.180907040841895,-0.014900633958103704
2022-07-27,1471.1,18.71,79.92,18.407157157157155,0.016452450547209674
2022-07-28,1517.4,19.15,79.64,19.053239578101458,0.0050784236193488486
2022-07-29,1549.7,19.49,79.33,19.534854405647298,-0.0022961218300318054
2022-08-01,1551.1,19.62,78.93,19.651590016470287,-0.0016075043517501664
2022-08-02,1543.6,19.49,78.49,19.666199515861894,-0.00895951023581254
2022-08-03,1566.1,20.1,79.13,19.79148237078226,0.015588404316454918
2022-08-04,1599.9,20.15,79.23,20.193108670957972,-0.002134820926308012
2022-08-05,1616.7,20.31,79.36,20.37172379032258,-0.0030298756726665488
2022-08-08,1619.4,20.27,79.58,20.349334003518475,-0.0038986044213907833
2022-08-10,1602.5,20.38,79.07,20.26685215631719,0.005582901716068456
2022-08-11,1620.0,20.15,79.54,20.36711088760372,-0.010659876543209768
2022-08-12,1594.1,20.11,79.65,20.01381042059008,0.004806160215795829
2022-08-16,1596.5,20.15,79.31,20.12987012987013,0.0009999999999998899
2022-08-17,1606.3,20.09,79.41,20.22793099105906,-0.006818838324098908
2022-08-18,1583.0,19.97,79.66,19.871955812201858,0.004933796588755479
2022-08-19,1597.1,19.78,79.89,19.991237952184253,-0.01056652682987913
2022-08-22,1575.7,19.52,79.86,19.73077886301027,-0.010682744177191172
2022-08-23,1542.4,19.25,79.81,19.325899010149104,-0.003927321058091349
2022-08-24,1537.5,19.25,79.82,19.26208970182912,-0.0006276422764229794
2022-08-25,1518.2,19.18,79.9,19.00125156445557,0.009407192728230873
2022-08-26,1521.6,18.64,79.87,19.050957806435456,-0.021571503680336335
2022-08-29,1461.8,18.39,79.96,18.281640820410207,0.005927213025037625
2022-08-30,1493.0,18.43,79.6,18.75628140703518,-0.017395847287341115
2022-09-01,1464.2,18.42,79.65,18.382925298179536,0.0020168009834722334
2022-09-02,1453.0,18.09,79.7,18.23086574654956,-0.0077267721954576984
2022-09-06,1455.1,17.98,79.86,18.220636113198097,-0.013206789911346273
2022-09-07,1457.7,18.43,79.82,18.262340265597597,0.009180627015160647
2022-09-08,1475.9,18.53,79.71,18.5158700288546,0.0007631275831694317
2022-09-09,1511.7,19.06,79.61,18.988820499937194,0.003748495071773439
2022-09-12,1536.2,19.24,79.35,19.35979836168872,-0.006187996354641401
2022-09-13,1545.0,18.56,79.49,19.436407095232106,-0.04509100323624604
2022-09-14,1475.4,18.08,79.41,18.57952398942199,-0.02688572590483962
2022-09-15,1432.8,17.79,79.82,17.950388373841143,-0.008935092127303257
2022-09-16,1377.1,17.38,79.66,17.287220687923675,0.005366930506136125
2022-09-19,1390.3,17.41,79.71,17.441977167231215,-0.0018333453211538675
2022-09-20,1388.6,17.02,79.72,17.41846462619167,-0.02287599020596287
2022-09-21,1377.3,17.02,79.96,17.22486243121561,-0.011893414651855116
2022-09-22,1368.0,16.68,81.0,16.88888888888889,-0.012368421052631584
2022-09-23,1365.5,16.61,81.11,16.835162125508567,-0.01337451482973262
2022-09-26,1380.3,16.69,81.6,16.91544117647059,-0.013327537491849673
2022-09-27,1393.6,16.79,81.63,17.072154845032465,-0.016527195752009338
2022-09-28,1394.7,17.11,81.61,17.089817424335255,0.0011809708180969825
2022-09-29,1398.7,16.9,81.54,17.15354427274957,-0.014780867948809728
2022-09-30,1413.5,16.97,81.37,17.37126705173897,-0.023099469402193096
2022-10-03,1393.8,17.05,81.56,17.089259440902403,-0.0022973166881904428
2022-10-04,1429.4,17.7,81.45,17.549416820135054,0.008580523296487952
2022-10-06,1455.2,17.48,82.06,17.733365829880576,-0.014287520615722915
2022-10-07,1451.2,17.06,82.32,17.6287657920311,-0.032263506063947234
2022-10-10,1462.7,17.56,82.32,17.768464528668613,-0.011732275928078462
2022-10-11,1423.8,17.13,82.22,17.316954512284116,-0.010796038769490202
2022-10-12,1428.7,17.1,82.25,17.370212765957447,-0.015556099951004376
2022-10-13,1419.9,18.05,82.28,17.256927564414195,0.045956757518135216
2022-10-14,1474.3,17.81,82.28,17.918084589207584,-0.006032150851251528
2022-10-17,1490.0,18.16,82.16,18.13534566699124,0.0013594630872482139
2022-10-18,1503.7,18.07,82.29,18.273180216308177,-0.011119039702068179
2022-10-19,1485.5,17.83,82.95,17.908378541289935,-0.004376640861662895
2022-10-20,1500.9,17.89,82.66,18.157512702637312,-0.014732893597175112
2022-10-21,1500.5,18.3,82.58,18.170259142649552,0.007140286571142962
2022-10-24,1517.9,18.44,82.68,18.358732462506048,0.004426642071282849
2022-10-25,1526.3,18.62,82.44,18.51407083939835,0.00572154884360887
2022-10-27,1524.0,18.51,82.36,18.50412821758135,0.0003173228346458057
2022-10-28,1513.3,18.79,82.33,18.380906109559092,0.022256459393378725
2022-10-31,1537.7,18.73,82.73,18.586969660340866,0.007695194121090099
2022-11-01,1573.0,18.91,82.62,19.03897361413701,-0.006774189446916545
2022-11-02,1553.3,18.41,82.72,18.777804642166345,-0.01958720144209103
2022-11-03,1530.8,18.19,82.76,18.49685838569357,-0.016589756989809135
2022-11-04,1514.0,18.33,82.03,18.456662196757282,-0.006862681638044932
2022-11-07,1507.5,18.58,81.95,18.395363026235508,0.010037147595356455
2022-11-09,1511.2,18.48,81.25,18.599384615384615,-0.006418740074113249
2022-11-10,1502.0,19.2,80.72,18.60753221010902,0.03184021304926743
2022-11-11,1570.1,19.75,80.72,19.451189296333002,0.015362078848480953
2022-11-14,1585.3,19.55,80.98,19.576438626821435,-0.0013505330221407208
2022-11-15,1594.0,19.76,80.94,19.69360019767729,0.00337164366373921
2022-11-16,1602.8,19.69,81.46,19.675914559292906,0.0007158722236086934
2022-11-17,1587.4,19.48,81.69,19.431999020687968,0.002470202847423497
2022-11-18,1593.4,19.47,81.76,19.488747553816047,-0.0009619681184888096
2022-11-21,1568.2,19.3,81.68,19.199314397649363,0.005244229052416838
2022-11-22,1585.1,19.37,81.69,19.403843799730687,-0.0017441801779065624
2022-11-23,1583.2,19.53,81.71,19.37584139028271,0.00795622789287509
2022-11-25,1635.7,19.92,81.73,20.013458950201883,-0.004669804976462522
2022-11-28,1623.4,19.63,81.61,19.892170077196422,-0.013179561414315644
2022-11-29,1629.1,19.71,81.61,19.962014459012376,-0.012624700755018092
2022-11-30,1635.0,20.35,81.43,20.078595112366447,0.01351712538226324
2022-12-01,1657.1,20.51,81.17,20.41517802143649,0.004644680465874407
2022-12-02,1637.9,20.19,81.41,20.119149981574747,0.003521521460406518
2022-12-05,1639.8,19.75,81.77,20.053809465574172,-0.015149713379680518
2022-12-06,1612.9,19.41,82.42,19.5692793011405,-0.00813925227850465
2022-12-07,1605.5,19.39,82.31,19.50552788239582,-0.005922827779507922
2022-12-08,1620.2,19.58,82.29,19.688905091748694,-0.005531292433033075
2022-12-09,1569.3,18.49,82.46,19.031045355323794,-0.028429618301153536
2022-12-12,1547.2,18.41,82.67,18.71537438006532,-0.016316765770423958
2022-12-13,1572.2,18.73,82.49,19.059279912716693,-0.017276618750795114
2022-12-14,1579.4,18.72,82.5,19.144242424242425,-0.02216031404330765
2022-12-15,1540.5,18.17,82.75,18.61631419939577,-0.023974358974358845
2022-12-16,1522.2,17.73,82.71,18.40406238665216,-0.036625739061884266
2022-12-19,1507.4,17.88,82.65,18.238354506957048,-0.01964840122064493
2022-12-20,1507.3,18.06,82.58,18.252603535965125,-0.010552113049824285
2022-12-21,1509.6,18.22,82.81,18.22968240550658,-0.000531134075251738
2022-12-22,1522.1,17.93,82.93,18.354033522247676,-0.023103015570593133
2022-12-23,1497.1,17.92,82.86,18.06782524740526,-0.008181684590207516
2022-12-27,1514.9,18.03,82.88,18.278233590733592,-0.01358083041784941
2022-12-28,1510.2,17.96,82.74,18.252356780275562,-0.01601748112832735
2022-12-29,1517.6,18.24,82.83,18.32186405891585,-0.004468107538218247
2022-12-30,1508.2,18.01,82.72,18.232591876208897,-0.012208460416390232
2023-01-03,1522.6,18.23,82.86,18.375573256094615,-0.007922106922369498
2023-01-04,1494.8,18.1,82.72,18.070599613152805,0.0016269735081617664
2023-01-05,1475.2,17.68,82.57,17.86605304590045,-0.01041377440347091
2023-01-06,1448.5,17.81,82.72,17.51088007736944,0.01708194684156017
2023-01-09,1484.5,18.0,82.36,18.024526469159788,-0.0013607275176827915
2023-01-10,1469.8,17.83,81.6,18.012254901960784,-0.01011838345353111
2023-01-11,1471.3,18.12,81.6,18.03063725490196,0.0049561612179704895
2023-01-12,1480.6,18.4,81.19,18.2362359896539,0.008980143185195022
2023-01-13,1503.7,18.52,81.31,18.49342024351248,0.0014372547715635342
2023-01-17,1539.5,18.67,81.57,18.873360304033348,-0.0107749918804807
2023-01-18,1545.4,18.75,81.33,19.001598426165007,-0.013240908502653026
2023-01-19,1538.9,18.81,81.28,18.93331692913386,-0.00651322373123675
2023-01-20,1525.6,18.78,80.99,18.836893443635017,-0.0030203198741478587
2023-01-23,1548.0,19.05,81.41,19.014863038938707,0.0018478682170541827
2023-01-24,1551.9,18.9,81.53,19.03471114927021,-0.007077131258457547
2023-01-25,1543.0,18.62,81.49,18.93483863050681,-0.016627478937135343
2023-01-27,1519.2,18.66,81.54,18.631346578366443,0.0015379146919431985
2023-01-30,1538.8,18.69,81.47,18.887934208911254,-0.010479399532102751
2023-01-31,1533.8,18.8,81.69,18.77585995837924,0.001285695657843311
2023-02-01,1551.1,19.02,81.73,18.978343325584238,0.002194958416607662
2023-02-02,1583.8,19.51,82.03,19.307570401072777,0.010484467735825342
2023-02-03,1599.4,19.28,82.21,19.455054129667925,-0.00899787420282605
2023-02-06,1569.9,18.82,82.77,18.967017035157667,-0.007751194343588841
2023-02-07,1562.4,19.03,82.81,18.867286559594252,0.00862410394265245
2023-02-08,1590.5,19.16,82.65,19.24379915305505,-0.004354605469977901
2023-02-09,1617.0,19.34,82.44,19.614264919941775,-0.013982931354359907
2023-02-10,1608.6,19.16,82.47,19.50527464532557,-0.01770160387914943
2023-02-13,1567.5,19.02,82.72,18.949468085106382,0.003722105263157971
2023-02-14,1593.3,19.12,82.86,19.228819695872556,-0.005659197891169199
2023-02-15,1597.1,19.23,82.78,19.293307562213094,-0.0032813223968441996
2023-02-16,1601.8,19.12,82.74,19.359439207154942,-0.012368085903358583
2023-02-17,1583.8,19.08,82.73,19.14420403722954,-0.003353706276044921
2023-02-21,1579.5,18.79,82.85,19.064574532287267,-0.014402342513453736
2023-02-22,1561.8,18.62,82.78,18.866876057018604,-0.013085158150851539
2023-02-23,1550.7,18.7,82.59,18.77588085724664,-0.00404140065776748
2023-02-24,1550.7,18.33,82.97,18.68988791129324,-0.019255755465273916
2023-02-27,1509.3,18.16,82.69,18.252509372354577,-0.0050683098124958414
2023-02-28,1487.6,17.94,82.57,18.01622865447499,-0.0042311105135788285
2023-03-01,1496.1,18.02,82.43,18.149945408225157,-0.007159548158545359
2023-03-02,1472.2,18.09,82.41,17.86433685232375,0.012632047276185165
2023-03-03,1479.3,18.18,81.98,18.04464503537448,0.007501115392415381
2023-03-06,1507.5,18.26,81.77,18.43585667115079,-0.009538839137645194
2023-03-08,1492.7,18.16,81.86,18.234791106767652,-0.004101560929858583
2023-03-09,1480.4,17.72,82.02,18.049256278956353,-0.0182420967306135
2023-03-10,1471.6,17.68,81.93,17.96167460026852,-0.01568197879858646
2023-03-13,1435.1,17.27,82.19,17.460761649835746,-0.010925162009616018
2023-03-14,1420.0,17.33,82.25,17.264437689969604,0.0037975352112675775
2023-03-15,1419.7,16.93,82.84,17.13785610816031,-0.01212847784743265
2023-03-16,1404.1,17.19,82.63,16.99261769333172,0.01161576810768472
2023-03-17,1420.7,16.89,82.56,17.208091085271317,-0.01848497219680434
2023-03-20,1403.7,16.93,82.55,17.004239854633557,-0.004365961387761019
2023-03-21,1390.7,16.89,82.59,16.838600314808087,0.0030524915510175
2023-03-22,1389.3,16.6,82.66,16.807403822888944,-0.01234002735190376
2023-03-23,1374.6,16.94,82.07,16.749116607773853,0.011396624472573835
2023-03-24,1380.7,16.8,82.34,16.768277872237064,0.0018917940175273706
2023-03-27,1389.0,17.02,82.24,16.88959143968872,0.00772123830093574
2023-03-28,1377.6,16.77,82.17,16.765242789339172,0.0002837543554008448
2023-03-29,1383.6,16.96,82.18,16.83621319055731,0.007352413992483653
2023-03-31,1428.0,17.44,82.19,17.37437644482297,0.003777030812325055
2023-04-03,1410.9,17.42,82.24,17.155885214007785,0.015394996101778968
2023-04-05,1423.6,17.33,81.89,17.38429600683844,-0.003123279010958102
2023-04-06,1421.9,17.25,81.86,17.3698998289763,-0.006902735776074254
2023-04-10,1427.6,17.39,82.01,17.407633215461527,-0.0010129588119919264
2023-04-11,1406.2,17.45,82.04,17.140419307654803,0.018061442184611032
2023-04-12,1428.3,17.07,81.98,17.422542083434983,-0.02023482461667714
2023-04-13,1389.2,15.4,81.65,17.014084507042252,-0.09486754966887412
2023-04-17,1258.3,15.19,81.98,15.348865576969992,-0.010350313915600373
2023-04-18,1259.4,14.96,82.08,15.34356725146199,-0.02499857074797518
2023-04-19,1232.2,14.82,82.18,14.993915794597225,-0.011599091056646582
2023-04-20,1223.4,14.85,82.1,14.901339829476251,-0.003445316331535331
2023-04-21,1227.4,14.87,82.06,14.957348281745066,-0.005839824018250117
2023-04-24,1226.3,14.82,81.9,14.973137973137971,-0.010227513658974008
2023-04-25,1224.9,14.79,81.92,14.952392578125,-0.010860641685035533
2023-04-26,1227.5,14.85,81.74,15.017127477367263,-0.011129124236252563
2023-04-27,1246.3,15.31,81.84,15.228494623655912,0.00535216240070624
2023-04-28,1252.8,15.54,81.84,15.307917888563049,0.0151609195402298
2023-05-02,1277.5,15.54,81.89,15.600195384051776,-0.003858630136986285
2023-05-03,1269.2,15.38,81.83,15.510204081632654,-0.008394736842105344
2023-05-04,1273.6,15.3,81.73,15.583017251927075,-0.01816190326633149
2023-05-05,1259.1,15.25,81.81,15.390539053905389,-0.009131522516082846
2023-05-08,1265.6,15.26,81.78,15.475666422108093,-0.013935840707964497
2023-05-09,1270.7,15.27,82.04,15.488785958069235,-0.014125442669394861
2023-05-10,1263.3,15.3,81.94,15.417378569685136,-0.007613393493231979
2023-05-11,1256.1,15.03,82.13,15.294046024595154,-0.017264628612371657
2023-05-12,1245.2,15.08,82.17,15.153949129852744,-0.00487985865724383
2023-05-15,1258.4,15.34,82.3,15.290400972053465,0.0032438016528923974
2023-05-16,1264.3,15.11,82.26,15.369559931923169,-0.016887922170370828
2023-05-17,1246.9,15.19,82.39,15.134118218230368,0.003692437244366076
2023-05-18,1246.0,15.15,82.77,15.053763440860216,0.006392857142857089
2023-05-19,1268.9,15.25,82.65,15.352692075015124,-0.006688864370714809
2023-05-22,1292.8,15.65,82.83,15.607871544126525,0.0026991800742575123
2023-05-23,1300.1,15.53,82.84,15.694109126026072,-0.010456734097377018
2023-05-24,1298.7,15.56,82.66,15.711347689329786,-0.009633017633017715
2023-05-25,1304.4,15.66,82.76,15.761237312711454,-0.0064231830726770855
2023-05-26,1317.5,15.87,82.58,15.954226204892226,-0.005279240986717393
2023-05-30,1323.9,15.9,82.67,16.014273617999276,-0.007135735327441717
2023-05-31,1318.3,15.96,82.68,15.94460570875665,0.0009654858529926091
2023-06-01,1319.5,15.83,82.41,16.011406382720544,-0.011329821902235748
2023-06-02,1299.0,15.8,82.35,15.774134790528235,0.0016397228637412553
2023-06-05,1304.5,15.4,82.67,15.779605661062053,-0.024056726715216525
2023-06-06,1279.0,15.64,82.61,15.482387120203365,0.010180140734949328
2023-06-07,1289.0,15.64,82.5,15.624242424242425,0.0010085337470908673
2023-06-08,1282.8,15.44,82.57,15.535908925759962,-0.006173370751481166
2023-06-09,1266.0,15.45,82.46,15.352898374969683,0.006324644549762892
2023-06-12,1292.0,15.81,82.43,15.673905131626833,0.00868289473684225
2023-06-13,1304.9,15.85,82.38,15.840009711094927,0.0006306996704728007
2023-06-14,1300.4,15.56,82.1,15.839220462850184,-0.017628422023992618
2023-06-15,1286.8,15.62,82.18,15.658311024580188,-0.0024466894622318103
2023-06-16,1291.7,15.83,81.89,15.773598730003664,0.003575675466439554
2023-06-20,1303.4,15.64,82.11,15.873827791986361,-0.014730397422126784
2023-06-21,1299.4,15.39,82.04,15.838615309605071,-0.028324149607511173
2023-06-22,1281.6,15.47,81.93,15.642621750274623,-0.011035346441947369
2023-06-23,1265.0,15.2,82.01,15.424948177051578,-0.014583399209486148
2023-06-26,1270.4,15.5,82.0,15.49268292682927,0.0004722921914357414
2023-06-27,1279.2,15.62,81.98,15.603805806294218,0.0010378361475922304
2023-06-28,1293.4,15.75,82.0,15.773170731707317,-0.0014689964434823066
2023-06-30,1335.5,16.07,82.06,16.274677065561782,-0.012576413328341363
2023-07-03,1333.7,16.14,81.96,16.2725719863348,-0.008146959586113889
2023-07-05,1347.3,16.26,82.34,16.36264270099587,-0.006272990425294944
2023-07-06,1343.9,16.07,82.49,16.291671717783977,-0.013606443931840406
2023-07-07,1330.2,16.05,82.74,16.076867295141408,-0.0016711772665765068
2023-07-10,1329.2,16.01,82.57,16.097856364296963,-0.005457643695455983
2023-07-11,1348.6,16.24,82.39,16.36849132176235,-0.007849918433931569
2023-07-12,1333.3,16.07,82.03,16.253809581860295,-0.01130870771769299
2023-07-13,1365.1,16.79,82.04,16.639444173573864,0.009048128342246109
2023-07-14,1426.0,17.04,82.16,17.356377799415775,-0.018228330995792463
2023-07-17,1423.0,17.29,82.03,17.347311959039377,-0.0033037947997189843
2023-07-18,1475.2,17.88,82.03,17.983664512983054,-0.0057643709327549475
2023-07-19,1475.0,17.71,82.09,17.968083810451944,-0.014363457627118659
2023-07-20,1449.5,16.22,81.99,17.678985242102698,-0.08252652638840996
2023-07-21,1331.6,16.3,81.99,16.24100500060983,0.0036324722138780796
2023-07-24,1336.6,16.22,81.81,16.337856007823003,-0.00721367649259308
2023-07-25,1334.6,16.38,81.87,16.301453523879317,0.0048183725460813065
2023-07-26,1348.9,16.62,81.99,16.45200634223686,0.010211134998887816
2023-07-27,1353.2,16.63,82.15,16.472306755934266,0.009573233816139393
2023-07-28,1340.5,16.46,82.22,16.303819022135734,0.009579410667661437
2023-07-31,1355.7,16.66,82.24,16.48467898832685,0.010635391310761966
2023-08-01,1365.2,16.8,82.25,16.598176291793315,0.012159390565484873
2023-08-02,1356.9,16.52,82.58,16.43133930733834,0.005395828727245755
2023-08-03,1364.3,16.51,82.74,16.489001692047378,0.0012734735761930072
2023-08-04,1378.4,16.71,82.83,16.641313533743816,0.004127466627974252
2023-08-07,1393.0,16.78,82.75,16.83383685800604,-0.0031981335247665
2023-08-08,1390.2,16.77,82.85,16.779722389861195,-0.0005794130340958104
2023-08-09,1394.4,16.71,82.84,16.832448092708837,-0.007274526678141102
2023-08-10,1389.1,16.87,82.69,16.798887410811464,0.004233172557771336
2023-08-11,1371.9,16.68,82.87,16.554844937854472,0.007560026240979623
2023-08-14,1393.6,16.86,83.17,16.75604184201034,0.006204219288174384
2023-08-16,1418.5,17.13,83.19,17.051328284649596,0.004613817412759902
2023-08-17,1411.6,16.97,83.09,16.98880731736671,-0.0011070416548597528
2023-08-18,1388.8,16.72,83.14,16.704354101515516,0.0009366359447002814
2023-08-21,1405.4,16.88,83.1,16.912154031287606,-0.001901238081685075
2023-08-22,1403.8,16.99,82.94,16.925488304798648,0.0038115116113406344
2023-08-23,1408.0,17.27,82.69,17.02745192889104,0.014244531249999914
2023-08-24,1423.6,17.13,82.57,17.241128739251543,-0.006445560550716545
2023-08-25,1420.1,17.25,82.64,17.18417231364956,0.003830716146750346
2023-08-28,1415.7,17.33,82.6,17.139225181598064,0.011130889312707337
2023-08-29,1417.7,17.42,82.7,17.142684401451028,0.016176906256612833
2023-08-30,1435.2,17.55,82.73,17.347999516499456,0.011644021739130483
2023-08-31,1435.5,17.37,82.78,17.34114520415559,0.0016639498432604594
2023-09-01,1443.9,17.52,82.69,17.461603579634783,0.003344275919384909
2023-09-05,1478.9,17.77,83.03,17.81163434903047,-0.0023374805598755932
2023-09-06,1477.5,17.58,83.14,17.771229251864327,-0.01076060913705601
2023-09-07,1466.2,17.52,83.21,17.620478307895688,-0.005702359841768034
2023-09-08,1469.6,17.75,82.93,17.720969492342938,0.001638200870985429
2023-09-11,1476.5,17.95,83.03,17.782729134047933,0.00940636640704362
2023-09-12,1501.1,18.06,82.86,18.11609944484673,-0.0030966624475384785
2023-09-13,1498.4,18.0,82.93,18.06825033160497,-0.0037773625200213656
2023-09-14,1507.0,18.11,83.02,18.15225246928451,-0.0023276708692766546
2023-09-15,1511.6,17.75,83.15,18.17919422730006,-0.023609089706271402
2023-09-18,1491.8,17.76,83.27,17.91521556382851,-0.008663895964606483
2023-09-20,1490.3,17.89,83.07,17.94029132057301,-0.002803261088371367
2023-09-21,1501.8,17.74,83.11,18.070027674166766,-0.018263816753229523
2023-09-22,1496.2,17.78,82.95,18.03737191078963,-0.014268814329634893
2023-09-25,1474.2,17.61,83.11,17.737937672963543,-0.007212657712657777
2023-09-26,1460.7,17.27,83.24,17.548053820278714,-0.015845279660436917
2023-09-27,1467.0,17.44,83.18,17.63645106996874,-0.011138922972051546
2023-09-28,1439.5,16.96,83.13,17.31625165403585,-0.020573254602292534
2023-09-29,1435.5,17.11,83.08,17.27852672123255,-0.009753535353535514
2023-10-03,1434.0,17.0,83.22,17.231434751261716,-0.013430962343096264
2023-10-04,1444.4,17.44,83.25,17.350150150150153,0.0051786208806423595
2023-10-05,1463.5,17.61,83.24,17.581691494473812,0.0016101127434231532
2023-10-06,1478.7,17.79,83.25,17.762162162162163,0.001567255021302394
2023-10-09,1475.5,17.75,83.25,17.723723723723722,0.001482548288715746
2023-10-10,1495.2,17.85,83.25,17.96036036036036,-0.006144662921348298
2023-10-11,1494.4,17.61,83.18,17.965857177206058,-0.019807414346895036
2023-10-12,1465.5,16.46,83.28,17.597262247838618,-0.06462722620266126
2023-10-13,1431.2,16.9,83.26,17.18952678356954,-0.01684320849636678
2023-10-16,1434.2,17.21,83.28,17.221421709894333,-0.0006632268860689017
2023-10-17,1442.5,17.35,83.22,17.33357366017784,0.0009476603119584759
2023-10-18,1440.6,17.14,83.25,17.304504504504504,-0.009506455643481848
2023-10-19,1433.7,17.09,83.1,17.252707581227437,-0.009430843272651201
2023-10-20,1427.3,16.97,83.14,17.1674284339668,-0.011500175155888748
2023-10-23,1408.7,16.78,83.19,16.933525664142326,-0.00906637325193449
2023-10-25,1370.1,16.38,83.18,16.47150757393604,-0.005555506897306772
2023-10-26,1359.5,16.32,83.24,16.332292167227294,-0.0007526296432511792
2023-10-27,1380.4,16.44,83.27,16.57739882310556,-0.008288322225441846
2023-10-30,1377.1,16.5,83.25,16.541741741741742,-0.0025234187785927453
2023-10-31,1368.4,16.42,83.26,16.43526303146769,-0.0009286758257818217
2023-11-01,1354.2,16.4,83.24,16.268620855358,0.008075616600206725
2023-11-02,1370.2,16.69,83.22,16.4647921172795,0.013678149175302856
2023-11-03,1389.1,16.68,83.14,16.70796247293721,-0.0016736016125546982
2023-11-06,1403.3,16.86,83.19,16.868614016107706,-0.0005106534597022483
2023-11-07,1404.3,16.79,83.22,16.874549387166546,-0.005010467848750255
2023-11-08,1391.0,16.67,83.28,16.70268972142171,-0.001957153127246425
2023-11-09,1374.8,16.36,83.25,16.514114114114115,-0.00933226651149266
2023-11-10,1368.9,16.63,83.25,16.443243243243245,0.011357659434582335
2023-11-13,1373.6,16.55,83.32,16.485837734037446,0.0038919627256843725
2023-11-15,1410.5,17.36,83.11,16.971483575983637,0.022892307692307545
2023-11-16,1444.9,17.27,83.22,17.362412881518868,-0.0053225828777079265
2023-11-17,1437.6,17.51,83.25,17.268468468468466,0.013986853088481022
2023-11-20,1436.6,17.54,83.33,17.239889595583822,0.01740790755951549
2023-11-21,1439.0,17.44,83.26,17.283209224117222,0.009071855455177413
2023-11-22,1457.8,17.58,83.29,17.50270140473046,0.0044163808478527855
2023-11-24,1437.4,17.47,83.34,17.247420206383488,0.01290510644218723
2023-11-28,1442.7,17.63,83.33,17.31309252370095,0.018304498509738698
2023-11-29,1459.6,17.62,83.31,17.52010562957628,0.005701699095642887
2023-11-30,1455.2,17.55,83.36,17.456813819577736,0.00533809785596473
2023-12-01,1452.3,17.73,83.27,17.44085504983788,0.01657859946292084
2023-12-04,1464.4,17.69,83.4,17.558752997601918,0.007474733679322609
2023-12-05,1454.0,17.46,83.33,17.448697947917918,0.0006477303988996486
2023-12-06,1474.3,17.69,83.32,17.694431108977437,-0.0002504239300006317
2023-12-07,1465.9,17.64,83.32,17.593614978396545,0.002636469063374003
2023-12-08,1491.2,17.89,83.38,17.88438474454306,0.0003139753218883712
2023-12-11,1488.5,17.41,83.38,17.852002878388102,-0.0247592878736983
2023-12-12,1476.1,17.55,83.37,17.705409619767302,-0.008777521848113201
2023-12-13,1449.0,17.47,83.4,17.374100719424458,0.005519668737060002
2023-12-14,1501.5,18.37,83.28,18.029538904899134,0.018883516483516605
2023-12-15,1578.4,18.67,83.02,19.012286196097328,-0.01800342118601117
2023-12-18,1564.4,18.8,83.04,18.839113680154142,-0.0020761953464586425
2023-12-19,1558.3,18.79,83.18,18.734070690069725,0.0029854328434835153
2023-12-20,1536.4,18.42,83.14,18.4796728409911,-0.0032291070033844127
2023-12-21,1536.0,18.41,83.27,18.44601897442056,-0.0019526692708333737
2023-12-22,1562.9,18.76,83.12,18.80293551491819,-0.002283447437455899
2023-12-26,1544.0,18.45,83.17,18.564386196946014,-0.006161593264248699
2023-12-27,1567.1,18.6,83.35,18.80143971205759,-0.010714057813796196
2023-12-28,1562.7,18.56,83.15,18.79374624173181,-0.01243744800665525
2023-12-29,1542.9,18.38,83.19,18.54670032455824,-0.008988139218355173
2024-01-02,1534.4,18.08,83.31,18.41795702796783,-0.01834932221063612
2024-01-03,1490.0,18.04,83.3,17.88715486194478,0.008544966442952884
2024-01-04,1512.7,18.07,83.21,18.179305371950488,-0.006012626429563017
2024-01-05,1532.6,18.1,83.16,18.42953342953343,-0.017880725564400235
2024-01-08,1522.8,18.4,83.13,18.3182966438109,0.004460204885736729
2024-01-09,1529.3,18.25,83.09,18.405343603321697,-0.008440136009939092
2024-01-10,1519.9,18.1,83.01,18.30984218768823,-0.011460622409368848
2024-01-11,1494.2,18.82,83.03,17.995905094544142,0.04579346807656259
2024-01-12,1612.8,19.6,82.92,19.450072358900144,0.007708333333333428
2024-01-16,1631.6,19.47,83.05,19.64599638771824,-0.008958384407943165
2024-01-17,1640.2,19.54,83.14,19.728169352898725,-0.00953810510913311
2024-01-18,1642.6,19.83,83.15,19.75466025255562,0.003813770851089693
2024-01-19,1648.9,19.99,83.09,19.844746660247925,0.007319485717751206
2024-01-23,1642.2,19.79,83.15,19.749849669272397,0.0020329436122275
2024-01-24,1675.4,19.99,83.09,20.163677939583586,-0.008613405753849945
2024-01-25,1669.1,20.09,83.08,20.09027443428021,-1.3660056317754687e-05
2024-01-29,1656.6,20.17,83.12,19.930221366698746,0.012030906676325337
2024-01-30,1651.5,19.95,83.11,19.87125496330165,0.003962761126248715
2024-01-31,1660.9,19.86,83.02,20.00602264514575,-0.007298934312722216
2024-02-01,1657.1,20.19,82.95,19.97709463532248,0.010657473900187231
2024-02-02,1693.4,20.35,82.92,20.42209358417752,-0.003530175977323635
2024-02-05,1687.2,20.3,83.04,20.31791907514451,-0.0008819345661450484
2024-02-06,1729.5,20.61,83.03,20.829820546790316,-0.010553165654813568
2024-02-07,1693.8,20.43,82.97,20.414607689526335,0.0007539851222104765
2024-02-08,1692.1,20.19,82.97,20.3941183560323,-0.010008687429820862
2024-02-09,1669.4,20.1,83.0,20.113253012048194,-0.000658919372229505
2024-02-12,1680.1,20.14,82.95,20.254370102471366,-0.005646687697160702
2024-02-13,1684.6,19.86,83.06,20.28172405490007,-0.02079330404843871
2024-02-14,1666.2,20.18,83.02,20.06986268369068,0.005487696555035226
2024-02-15,1676.4,20.31,83.0,20.197590361445783,0.005565497494631311
2024-02-16,1701.7,20.47,83.02,20.497470489038786,-0.0013401892225421985
2024-02-20,1685.3,20.02,82.88,20.334218146718147,-0.015452679048240658
2024-02-21,1655.6,19.78,82.96,19.956605593056896,-0.008849480550857658
2024-02-22,1681.4,20.31,82.86,20.29205889452088,0.0008841441655760285
2024-02-23,1676.9,20.11,82.86,20.23775042239923,-0.00631248136442264
2024-02-26,1660.2,19.99,82.85,20.03862401931201,-0.002426514877725716
2024-02-27,1663.6,20.0,82.88,20.072393822393824,-0.003606636210627623
2024-02-28,1671.3,19.95,82.88,20.165299227799228,-0.010676718721952971
2024-02-29,1673.9,19.96,82.87,20.19910703511524,-0.011837505227313416
2024-03-01,1654.7,19.83,82.91,19.957785550597034,-0.006402792046896866
2024-03-04,1637.2,19.8,82.88,19.753861003861005,0.002335695089176637
2024-03-05,1606.5,19.29,82.86,19.3881245474294,-0.005061064425770367
2024-03-06,1617.6,19.33,82.78,19.540951920753805,-0.01079537586547985
2024-03-07,1616.5,19.39,82.78,19.52766368688089,-0.007049675224249818
2024-03-11,1600.6,19.22,82.72,19.34961315280464,-0.006698488066974817
2024-03-12,1613.0,19.42,82.77,19.487737102815032,-0.003475883446993233
2024-03-13,1611.4,19.39,82.81,19.459002535925613,-0.003546046915725465
2024-03-14,1653.3,19.66,82.82,19.962569427674477,-0.015156837839472748
2024-03-15,1634.0,19.23,82.86,19.720009654839487,-0.02484834761321897
2024-03-18,1602.7,19.17,82.89,19.33526360236458,-0.008547263992013443
2024-03-19,1561.5,18.85,83.01,18.810986628117092,0.00207396733909726
2024-03-20,1555.0,18.93,83.18,18.694397691752823,0.012602829581993769
2024-03-21,1554.7,18.21,83.15,18.697534576067348,-0.0260748054287
2024-03-22,1508.9,17.72,83.53,18.064168562193224,-0.019052554841275215
2024-03-26,1492.7,17.75,83.32,17.915266442630823,-0.0092248944865011
2024-03-27,1483.9,17.79,83.34,17.805375569954403,-0.0008635352786576789
2024-03-28,1498.1,17.93,83.35,17.973605278944213,-0.0024260730258328644
2024-04-01,1495.5,17.58,83.36,17.940259117082533,-0.020081043129388187
2024-04-02,1482.9,17.58,83.32,17.79764762361978,-0.012229010722233702
2024-04-03,1480.7,17.72,83.43,17.74781253745655,-0.0015670966434794265
2024-04-04,1486.7,17.75,83.44,17.81759348034516,-0.0037936369139706105
2024-04-05,1479.1,17.83,83.29,17.758434385880655,0.004029950645662916
2024-04-08,1476.7,17.86,83.25,17.73813813813814,0.006870048080178659
2024-04-09,1494.9,18.19,83.18,17.971868237557103,0.012137400495016548
2024-04-10,1506.8,18.0,83.37,18.073647595058173,-0.004074860631802402
2024-04-12,1484.8,17.72,83.59,17.76289029788252,-0.0024146012931034466
2024-04-15,1468.2,17.27,83.48,17.587446094873023,-0.018049584525269058
2024-04-16,1414.5,17.05,83.54,16.932008618625808,0.006968540120183775
2024-04-18,1419.3,16.51,83.53,16.991500059858733,-0.028337701683928573
2024-04-19,1411.3,16.81,83.46,16.90989695662593,-0.005907602919294375
2024-04-22,1432.8,17.3,83.47,17.165448664190727,0.007838498045784625
2024-04-23,1442.4,17.16,83.36,17.303262955854127,-0.008279534109816966
2024-04-24,1430.8,17.04,83.34,17.16822654187665,-0.0074688286273413285
2024-04-25,1438.5,17.01,83.31,17.26683471371984,-0.0148744525547444
2024-04-26,1430.3,16.94,83.38,17.153993763492444,-0.012474865412850367
2024-04-29,1434.8,16.97,83.46,17.191468967169904,-0.01288249233342642
2024-04-30,1420.6,16.71,83.44,17.025407478427613,-0.018525693368999008
2024-05-02,1414.5,16.87,83.44,16.95230105465005,-0.004854860374690739
2024-05-03,1416.3,16.93,83.43,16.97590794678173,-0.0027042999364540465
2024-05-06,1425.9,16.97,83.48,17.080737901293723,-0.006483203590714748
2024-05-07,1441.0,17.13,83.51,17.255418512752964,-0.007268355308813423
2024-05-08,1427.3,17.09,83.45,17.10365488316357,-0.0007983605408814487
2024-05-09,1439.6,16.97,83.51,17.238654053406776,-0.01558439844401216
2024-05-10,1424.9,16.87,83.54,17.056499880296865,-0.01093424099936835
2024-05-13,1423.5,16.92,83.48,17.051988500239577,-0.007740358271864922
2024-05-14,1424.7,16.95,83.5,17.062275449101797,-0.006580332701621505
2024-05-15,1420.0,17.05,83.46,17.014138509465614,0.0021077464788732403
2024-05-16,1453.4,17.24,83.46,17.41433021806854,-0.010010733452594178
2024-05-17,1443.7,17.13,83.34,17.32301415886729,-0.011142065526078881
2024-05-21,1434.2,17.01,83.31,17.21522026167327,-0.011920861804490257
2024-05-22,1454.8,17.27,83.26,17.472976219072784,-0.01161657959857032
2024-05-23,1472.4,17.4,83.27,17.68223850126096,-0.01596169519152435
2024-05-24,1465.1,17.36,83.09,17.63268744734625,-0.015464882943143743
2024-05-28,1467.1,17.32,83.16,17.64189514189514,-0.018246063663008627
2024-05-29,1451.0,17.03,83.33,17.412696507860314,-0.021978015161957187
2024-05-30,1427.5,16.87,83.28,17.1409702209414,-0.015808336252189026
2024-05-31,1406.9,16.75,83.43,16.86323864317392,-0.006715118345298143
2024-06-03,1405.9,16.85,83.14,16.910031272552324,-0.0035500391208479476
2024-06-04,1393.7,16.8,83.52,16.687021072796938,0.0067704671019586105
2024-06-05,1430.1,17.15,83.37,17.1536523929471,-0.00021292217327462115
2024-06-06,1472.3,17.54,83.47,17.638672576973764,-0.0055941044624059355
2024-06-07,1533.6,18.01,83.38,18.39289997601343,-0.020817814293166315
2024-06-10,1499.8,17.84,83.5,17.961676646706586,-0.006774236564875302
2024-06-11,1495.8,17.79,83.5,17.91377245508982,-0.006909346169273967
2024-06-12,1485.2,17.86,83.57,17.771927725260262,0.0049556962025314455
2024-06-13,1494.0,17.81,83.52,17.887931034482758,-0.004356626506024086
2024-06-14,1488.9,17.79,83.54,17.822599952118747,-0.001829135603465759
2024-06-18,1498.2,17.91,83.42,17.959721889235194,-0.002768522226671899
2024-06-20,1515.4,18.27,83.62,18.12245874192777,0.008141348818793581
2024-06-21,1532.7,18.06,83.53,18.349096133125823,-0.015755333724799425
2024-06-24,1527.2,18.14,83.42,18.307360345240948,-0.009141697223677192
2024-06-25,1542.0,18.34,83.4,18.489208633093526,-0.008070038910505839
2024-06-26,1540.7,18.22,83.55,18.440454817474567,-0.011954955539689838
2024-06-27,1573.4,18.63,83.44,18.856663470757432,-0.012020338121266239
2024-06-28,1566.8,18.62,83.33,18.802352094083762,-0.00969836609650232
2024-07-01,1590.8,18.76,83.44,19.065196548418026,-0.016008046266029585
2024-07-02,1621.1,19.23,83.5,19.41437125748503,-0.009496638085250697
2024-07-03,1627.4,19.37,83.48,19.49448969813129,-0.006385891606243033
2024-07-05,1647.5,19.43,83.47,19.73763028633042,-0.015585978755690455
2024-07-08,1661.7,19.5,83.45,19.912522468544037,-0.020716735872901126
2024-07-09,1657.2,19.3,83.47,19.853839702887267,-0.027895848419020153
2024-07-10,1648.3,19.37,83.5,19.74011976047904,-0.018749620821452262
2024-07-11,1652.7,19.89,83.57,19.77623549120498,0.005752586676347704
2024-07-12,1711.8,20.4,83.48,20.50551030186871,-0.005145460918331679
2024-07-15,1707.1,20.31,83.55,20.43207660083782,-0.00597475250424695
2024-07-16,1726.1,20.66,83.6,20.64712918660287,0.0006233706042524378
2024-07-18,1758.1,22.25,83.58,21.034936587700408,0.057764063477617755
2024-07-19,1793.0,21.68,83.7,21.42174432497013,0.012055772448410496
2024-07-22,1810.9,21.79,83.65,21.648535564853557,0.006534596057208963
2024-07-23,1836.9,22.08,83.68,21.951481835564053,0.005854646415155873
2024-07-24,1834.0,21.86,83.72,21.906354515050168,-0.0021160305343511654
2024-07-25,1824.9,22.01,83.7,21.802867383512545,0.009500246588854289
2024-07-26,1878.9,22.79,83.7,22.448028673835125,0.015233913460003246
2024-07-29,1871.1,22.6,83.75,22.34149253731343,0.011570733792956034
2024-07-30,1877.2,22.61,83.7,22.427718040621265,0.008127530364372415
2024-07-31,1868.3,22.13,83.73,22.313388271826106,-0.008218755017930679
2024-08-01,1852.6,22.3,83.7,22.133811230585422,0.007508366619885631
2024-08-02,1821.2,21.77,83.79,21.735290607471057,0.0015969141225566919
2024-08-05,1751.9,20.8,83.83,20.89824645115114,-0.004701181574290891
2024-08-06,1751.1,20.99,83.91,20.868787987129068,0.005808291930786247
2024-08-07,1791.7,20.97,83.96,21.339923773225348,-0.017334821677736367
2024-08-08,1743.2,21.14,83.95,20.764740917212627,0.01807193666819651
2024-08-09,1770.8,21.3,83.92,21.10104861773117,0.009428506889541666
2024-08-12,1797.4,21.31,83.92,21.418017159199238,-0.005043284744631227
2024-08-13,1797.5,21.59,83.97,21.406454686197453,0.00857429763560491
2024-08-14,1823.3,21.75,83.91,21.729233702776785,0.0009556847474359031
2024-08-16,1859.0,22.01,83.95,22.14413341274568,-0.006057288864981025
2024-08-19,1864.8,22.26,83.82,22.247673586256266,0.000554054054054065
2024-08-20,1872.2,22.31,83.79,22.34395512591001,-0.0015196560196559794
2024-08-21,1872.7,22.57,83.93,22.312641486953414,0.01153420195439736
2024-08-22,1880.3,22.34,83.93,22.40319313713809,-0.0028207200978566105
2024-08-23,1862.1,22.34,83.91,22.191633893457276,0.006685677460931183
2024-08-26,1876.2,22.44,83.87,22.37033504232741,0.0031141669331629096
2024-08-27,1900.1,22.8,83.91,22.644500059587653,0.0068670069996317196
2024-08-28,1939.1,23.0,83.9,23.11203814064362,-0.004847609715847412
2024-08-29,1933.4,23.2,83.84,23.060591603053435,0.006045308782455683
2024-08-30,1943.7,23.28,83.83,23.18621018728379,0.0040450686834387906
2024-09-03,1941.3,22.98,83.94,23.12723373838456,-0.0063662494204914655
2024-09-04,1922.5,23.06,83.95,22.900536033353184,0.006963328998699669
2024-09-05,1933.2,22.9,83.96,23.02525011910434,-0.005439685495551627
2024-09-06,1901.9,22.54,83.91,22.66595161482541,-0.005556864188443256
2024-09-09,1894.7,22.62,83.93,22.574764684856426,0.0020038000738904493
2024-09-10,1912.3,22.93,83.95,22.779035139964265,0.006627359723892612
2024-09-11,1910.2,22.92,83.95,22.754020250148898,0.007294524133598657
2024-09-12,1950.5,23.25,83.92,23.242373689227836,0.0003281209946166541
2024-09-13,1944.1,23.2,83.88,23.17715784453982,0.000985546011007532
2024-09-16,1950.3,23.19,83.89,23.248301347002027,-0.0025077680356867527
2024-09-17,1952.6,22.97,83.75,23.31462686567164,-0.014781573286899552
2024-09-18,1892.2,22.48,83.75,22.593432835820895,-0.0050206109290772405
2024-09-19,1894.2,22.69,83.68,22.63623326959847,0.0023752507654948296
2024-09-20,1905.8,22.85,83.57,22.804834270671297,0.0019805331094553402
2024-09-23,1896.5,22.69,83.53,22.704417574524122,-0.0006350118639598668
2024-09-24,1898.6,22.58,83.66,22.69423858474779,-0.005033814389550306
2024-09-25,1895.3,22.56,83.56,22.68190521780756,-0.005374558117448358
2024-09-26,1900.3,22.96,83.6,22.730861244019138,0.01008051360311546
2024-09-27,1906.8,22.39,83.68,22.786806883365198,-0.0174138871407592
2024-09-30,1875.6,22.27,83.76,22.392550143266472,-0.00547280870121547
2024-10-01,1904.4,22.39,83.81,22.722825438491828,-0.014647185465238466
2024-10-03,1893.4,22.41,84.0,22.54047619047619,-0.005788528572937546
2024-10-04,1918.2,22.79,83.99,22.838433146803194,-0.0021206860598479427
2024-10-07,1934.3,22.91,83.96,23.038351595998094,-0.005571214392803614
2024-10-08,1948.6,23.32,83.95,23.21143537820131,0.004677204146566805
2024-10-09,1952.8,23.27,83.93,23.26700822113666,0.00012858459647691056
2024-10-10,1919.0,22.65,83.94,22.86156778651418,-0.009254299114122122
2024-10-11,1935.1,22.93,84.08,23.014985727878212,-0.003692625704098007
2024-10-14,1958.9,23.36,84.08,23.29804947668887,0.002659043340650147
2024-10-15,1959.3,23.02,84.04,23.313898143741074,-0.01260613484407691
2024-10-16,1920.1,22.9,84.01,22.85561242709201,0.001942086349669303
2024-10-17,1968.1,22.66,84.04,23.41861018562589,-0.03239347594126307
2024-10-18,1879.6,22.51,84.03,22.368201832678803,0.0063392743136838625
2024-10-21,1852.8,22.2,84.07,22.0387772094683,0.007315414507772067
2024-10-22,1851.6,22.16,84.06,22.027123483226266,0.006032404406999481
2024-10-23,1873.4,22.21,84.06,22.28646205091601,-0.003430874346108559
2024-10-24,1863.4,22.05,84.05,22.170136823319453,-0.005418858001502658
2024-10-25,1862.1,21.89,84.06,22.15203426124197,-0.011828902851619083
2024-10-28,1865.4,22.07,84.05,22.193932183224273,-0.005584057038704904
2024-10-29,1839.3,21.77,84.04,21.88600666349357,-0.005300494753438634
2024-10-30,1802.1,21.12,84.07,21.435708338289523,-0.014728150491093772
2024-10-31,1757.3,20.91,84.06,20.905305733999523,0.00022454902407109678
2024-11-01,1760.9,20.76,84.03,20.955611091276925,-0.009334544835027492
2024-11-04,1763.7,20.72,84.11,20.968969206990845,-0.011873221069342965
2024-11-05,1754.2,20.71,84.1,20.858501783590967,-0.007119484665374709
2024-11-06,1823.7,21.4,84.31,21.630886015893726,-0.010673904699237902
2024-11-07,1803.1,21.65,84.37,21.371340523882896,0.013038932948810311
2024-11-08,1830.0,21.75,84.34,21.697889494901588,0.0024016393442622963
2024-11-11,1860.1,22.04,84.34,22.054778278396963,-0.0006700715015320879
2024-11-12,1868.8,22.02,84.38,22.147428300545155,-0.005753638698630215
2024-11-13,1868.4,22.04,84.39,22.140063988624245,-0.004519588953114995
2024-11-14,1864.6,21.82,84.42,22.08718313195925,-0.01209674997318455
2024-11-18,1811.5,21.6,84.37,21.470901979376553,0.006012696660226524
2024-11-19,1824.8,21.73,84.36,21.631104788999526,0.004571898290223642
2024-11-20,1824.8,21.99,84.41,21.61829167160289,0.017194158263919235
2024-11-21,1834.1,21.96,84.48,21.710464015151512,0.01149381167875263
2024-11-22,1902.3,22.79,84.44,22.528422548555188,0.01161099721389891
2024-11-25,1889.7,22.84,84.24,22.432336182336183,0.018173043340212747
2024-11-26,1924.2,23.18,84.27,22.83374866500534,0.015164016214530562
2024-11-27,1924.5,22.74,84.41,22.7994313469968,-0.0026067030397506352
2024-11-29,1857.9,22.07,84.48,21.9921875,0.003538188277087073
2024-12-02,1879.8,22.2,84.74,22.18314845409488,0.0007596552824766789
2024-12-03,1892.1,22.12,84.68,22.344119036372224,-0.010030336662966932
2024-12-04,1889.3,22.52,84.69,22.3084189396623,0.009484359286508148
2024-12-05,1934.9,22.86,84.68,22.849551251771373,0.0004572846141919218
2024-12-06,1922.4,22.86,84.67,22.704617928428014,0.0068436329588015266
2024-12-09,1923.7,23.16,84.72,22.70656279508971,0.0199694339034151
2024-12-10,1948.6,23.24,84.84,22.967939651107965,0.011845222210818074
2024-12-11,1974.2,23.36,84.8,23.28066037735849,0.003407962719076174
2024-12-12,1987.0,23.25,84.84,23.42055634134842,-0.007282335178661281
2024-12-13,1999.7,23.4,84.78,23.58693087992451,-0.007925188778316716
2024-12-16,1980.1,23.35,84.89,23.32548003298386,0.001051209534872033
2024-12-17,1976.6,23.13,84.91,23.278765751972678,-0.006390620257007096
2024-12-18,1979.2,22.65,84.95,23.29841082989994,-0.027830689167340328
2024-12-19,1946.2,23.42,85.09,22.87225290868492,0.023948103997533776
2024-12-20,1922.2,22.73,85.02,22.60879792989885,0.005360836541462799
2024-12-23,1924.3,22.78,85.1,22.612220916568745,0.007419840981135906
2024-12-24,1909.1,22.77,85.14,22.423067888184168,0.015472107275679603
2024-12-26,1907.4,22.64,85.25,22.374193548387098,0.011880046136101496
2024-12-27,1916.8,22.48,85.53,22.4108499941541,0.0030855592654424058
2024-12-30,1906.0,22.1,85.47,22.300222300222302,-0.008978488982161581
2024-12-31,1880.0,21.92,85.55,21.975452951490357,-0.0025234042553191616
2025-01-02,1957.9,22.62,85.75,22.83265306122449,-0.009313550232391887
2025-01-03,1938.8,22.63,85.75,22.609912536443147,0.0008884361460697043
2025-01-06,1937.9,22.75,85.7,22.61260210035006,0.00607616492079055
2025-01-07,1930.9,22.61,85.74,22.52041054350362,0.0039781449065201535
2025-01-08,1933.2,22.78,85.89,22.50785888927698,0.012090937306021177
2025-01-10,1967.0,22.7,85.96,22.882736156351793,-0.007985765124555289
2025-01-13,1962.2,22.69,86.69,22.63467527973238,0.002444246254204474
2025-01-14,1940.1,22.51,86.63,22.39524414175228,0.005124117313540566
2025-01-15,1949.7,22.89,86.37,22.573810350816256,0.014006924142175636
2025-01-16,1928.5,21.57,86.57,22.276770243733395,-0.031726782473424975
2025-01-17,1815.5,21.19,86.55,20.97631426920855,0.010187000826218595
2025-01-21,1800.7,21.15,86.58,20.798105798105798,0.01691953129338586
2025-01-22,1856.5,21.61,86.34,21.502200602270094,0.005013412335039158
2025-01-23,1865.5,21.78,86.42,21.58643832446193,0.00896681854730641
2025-01-24,1875.5,21.68,86.2,21.75754060324826,-0.0035638496400959285
2025-01-27,1822.0,21.54,86.34,21.10261755848969,0.020726454445664233
2025-01-28,1829.8,21.53,86.52,21.148867313915858,0.018021423106350465
2025-01-29,1881.3,21.7,86.61,21.721510218219606,-0.0009902726837826004
2025-01-30,1860.0,21.82,86.55,21.49046793760832,0.01533387096774197
2025-01-31,1879.8,21.95,86.54,21.721747168939217,0.010508032769443565
2025-02-03,1863.3,21.99,87.19,21.37057001949765,0.02898518757043944
2025-02-04,1898.8,22.38,87.06,21.810245807489085,0.026123235727828265
2025-02-05,1897.1,22.31,87.08,21.785714285714285,0.024065573770491788
2025-02-06,1915.7,22.24,87.57,21.876213315062238,0.016629326094899977
2025-02-07,1903.7,21.83,87.43,21.773990621068283,0.002572306560907567
2025-02-10,1880.3,21.87,87.45,21.50142938822184,0.017141679519225628
2025-02-11,1875.7,21.97,86.76,21.619409866297833,0.016216452524390856
2025-02-12,1863.2,21.75,86.9,21.440736478711163,0.014424109059682166
2025-02-13,1843.3,21.74,86.89,21.214178846817816,0.02478630716649466
2025-02-14,1856.4,21.57,86.82,21.382170006910854,0.008784421460891867
2025-02-18,1852.0,21.41,86.96,21.297148114075437,0.0052989200863931
2025-02-19,1810.8,21.21,86.96,20.823367065317388,0.018567263088137942
2025-02-20,1825.2,21.35,86.65,21.06405077899596,0.013575224632917049
2025-02-21,1815.0,21.17,86.7,20.93425605536332,0.011261157024793578
2025-02-24,1764.1,20.83,86.72,20.342481549815496,0.02396553483362629
2025-02-25,1767.7,20.77,87.2,20.271788990825687,0.02457656842224365
2025-02-27,1764.3,20.5,87.17,20.239761385797866,0.012857790625177223
2025-02-28,1687.7,20.1,87.5,19.288,0.042098714226462164
2025-03-03,1708.6,19.83,87.35,19.560389238694906,0.013783506964766268
2025-03-04,1688.3,19.71,87.26,19.347925739170293,0.018713854172836664
2025-03-05,1711.5,20.06,86.95,19.68372627947096,0.01911598013438498
2025-03-06,1715.9,19.75,87.11,19.698082883710253,0.002635643102744778
2025-03-07,1686.0,19.86,86.88,19.4060773480663,0.023390747330960693
2025-03-10,1701.5,19.44,87.27,19.49696344677438,-0.002921657361151908
2025-03-11,1661.6,18.97,87.16,19.06379072969252,-0.0049198363023592595
2025-03-12,1590.9,18.5,87.16,18.252638825149152,0.013552077440442512
2025-03-13,1579.9,18.29,87.0,18.15977011494253,0.007171339958225165
2025-03-17,1590.1,18.57,86.79,18.321235165341626,0.013577951072259786
2025-03-18,1609.4,18.45,86.5,18.60578034682081,-0.008372685472847197
2025-03-19,1586.6,18.57,86.43,18.35705194955455,0.011600340350435223
2025-03-20,1615.6,18.06,86.31,18.718572587185726,-0.03518284228769508
2025-03-21,1592.6,18.32,86.01,18.516451575398207,-0.010609569257817308
2025-03-24,1592.8,18.59,85.56,18.6161757830762,-0.0014060773480661926
2025-03-25,1628.5,18.83,85.77,18.986825230266994,-0.008259686828369861
2025-03-26,1599.5,18.66,85.71,18.661766421654416,-9.465457955615264e-05
2025-03-27,1603.6,18.67,85.79,18.692155262851145,-0.0011852706410573344
2025-03-28,1570.7,18.17,85.51,18.36861185826219,-0.010812567644998938
2025-04-01,1526.5,18.2,85.46,17.862157734612687,0.01891385522436928
2025-04-02,1550.2,18.39,85.52,18.126753975678206,0.014522513224100031
2025-04-03,1496.5,17.35,85.44,17.515215355805243,-0.00943267624457056
2025-04-04,1451.7,16.58,85.24,17.030736743313,-0.026466074257766925
2025-04-07,1396.8,16.78,85.85,16.27023878858474,0.03133089919816734
2025-04-08,1428.8,16.42,86.24,16.567717996289424,-0.008916013437849757
2025-04-09,1403.7,17.66,86.64,16.201523545706372,0.09002094464629185
2025-04-11,1409.5,16.88,86.06,16.3781082965373,0.030644058176658273
2025-04-15,1426.0,17.03,85.76,16.627798507462686,0.024188499298737787
2025-04-16,1413.1,16.58,85.67,16.494688922610013,0.005172033118675312
2025-04-17,1419.5,16.14,85.37,16.62762094412557,-0.029325959845015848
2025-04-21,1451.0,16.58,85.18,17.034515144400093,-0.02668201240523782
2025-04-22,1422.8,16.86,85.19,16.701490785303438,0.009490722518976646
2025-04-23,1474.9,17.23,85.42,17.266448138609224,-0.0021109227744252612
2025-04-24,1471.4,17.36,85.3,17.249706916764364,0.006393910561369953
2025-04-25,1480.2,17.4,85.43,17.326466112606813,0.004244021078232629
2025-04-28,1482.1,17.33,85.02,17.432368854387203,-0.005872343296673743
2025-04-29,1497.5,17.57,85.27,17.561862319690395,0.00046337228714521395
2025-04-30,1500.1,17.6,84.49,17.75476387738194,-0.008716752216518908
2025-05-02,1506.8,17.88,84.5,17.831952662721893,0.0026944518184230937
2025-05-05,1508.6,17.85,84.27,17.901981725406433,-0.002903685536258749
2025-05-06,1511.5,17.77,84.45,17.898164594434576,-0.007160767449553407
2025-05-07,1508.3,17.71,84.82,17.782362650318323,-0.004069349598886163
2025-05-08,1511.4,17.49,85.67,17.642115092797948,-0.008622270742358329
2025-05-09,1507.6,17.49,85.38,17.65753103771375,-0.009487795171132962
2025-05-12,1626.9,18.65,85.38,19.054813773717502,-0.021244698506362014
2025-05-13,1568.6,18.38,85.35,18.378441710603397,8.478898380714917e-05
2025-05-14,1592.4,18.46,85.29,18.67041857193106,-0.011270158251695528
2025-05-15,1613.0,18.72,85.52,18.86108512628625,-0.007480223186608792
2025-05-16,1589.9,18.31,85.49,18.597496783249504,-0.015458896785961462
2025-05-19,1559.8,18.33,85.37,18.271055405880283,0.003226118733171024
2025-05-20,1560.6,18.24,85.63,18.22492117248628,0.0008273740868895985
2025-05-21,1568.5,18.16,85.65,18.31290134267367,-0.008349378386993789
2025-05-22,1547.5,18.04,85.97,18.000465278585555,0.0021963166397414025
2025-05-23,1564.8,18.11,85.17,18.372666431842198,-0.014296587423312968
2025-05-27,1570.1,18.49,85.3,18.406799531066824,0.004520094261511787
2025-05-28,1571.8,18.36,85.39,18.407307647265487,-0.002570047079781146
2025-05-29,1585.6,18.46,85.49,18.54719850274886,-0.004701437941473152
2025-05-30,1562.7,18.19,85.5,18.277192982456143,-0.004770589364561428
2025-06-02,1553.8,18.19,85.33,18.209305050978553,-0.0010601750547044597
2025-06-03,1543.0,18.04,85.59,18.027806986797522,0.0006763447828905811
2025-06-04,1551.2,17.85,85.85,18.068724519510777,-0.012105144404332191
2025-06-05,1554.3,17.93,85.8,18.115384615384617,-0.010233545647558517
2025-06-06,1563.8,18.2,85.66,18.255895400420265,-0.00306177260519247
2025-06-09,1572.9,18.29,85.64,18.36641756188697,-0.004160722232818381
2025-06-10,1596.0,18.51,85.57,18.651396517471078,-0.007581015037594008
2025-06-11,1631.1,18.61,85.51,19.074961992749383,-0.024375513457176035
2025-06-12,1608.6,18.56,85.55,18.80303915838691,-0.012925525301504481
2025-06-13,1602.0,18.42,86.08,18.610594795539033,-0.01024119850187255
2025-06-16,1623.8,18.75,86.05,18.870424171993026,-0.006381635669417296
2025-06-17,1639.9,18.67,86.29,19.004519643064086,-0.017602109884748973
2025-06-18,1632.9,18.43,86.49,18.879639264654877,-0.023816094065772786
2025-06-20,1622.9,17.68,86.58,18.744513744513746,-0.05679068334463011
2025-06-23,1584.0,18.1,86.73,18.263576617087512,-0.008956439393939308
2025-06-24,1581.6,18.3,85.92,18.407821229050278,-0.0058573596358116875
2025-06-25,1614.9,18.51,86.04,18.76917712691771,-0.013808656882778991
2025-06-26,1616.0,18.6,85.66,18.86528134485174,-0.014061881188118797
2025-06-27,1608.0,18.52,85.45,18.81802223522528,-0.01583706467661694
2025-06-30,1601.8,18.53,85.74,18.682062048052252,-0.00813946809838928
2025-07-01,1606.8,18.9,85.58,18.775414816545922,0.006635548917102163
2025-07-02,1610.5,18.88,85.7,18.79229871645274,0.0046668736417261325
2025-07-03,1618.7,18.96,85.3,18.976553341148886,-0.0008723049360597201
2025-07-07,1627.0,18.82,85.86,18.94945259725134,-0.0068314689612785084
2025-07-08,1638.7,18.89,85.75,19.110204081632652,-0.011522853481418127
2025-07-09,1633.7,18.82,85.69,19.065235149959157,-0.012862949133867985
2025-07-10,1615.8,18.1,85.65,18.865148861646233,-0.04055885629409561
2025-07-11,1594.9,18.19,85.8,18.58857808857809,-0.021442096683177536
2025-07-14,1570.3,18.01,85.99,18.261425747179906,-0.013768133477679467
2025-07-15,1585.6,18.22,85.82,18.47587974831042,-0.013849394550958793
2025-07-16,1607.9,18.5,85.96,18.705211726384366,-0.01097083151937317
2025-07-17,1583.5,18.47,86.08,18.39567843866171,0.004040164193242601
2025-07-18,1586.1,18.21,86.1,18.421602787456447,-0.011486665405712082
2025-07-21,1584.3,18.19,86.3,18.358053302433373,-0.009154200593321948
2025-07-22,1570.9,18.26,86.37,18.18802825054996,0.003957094659112759
2025-07-23,1574.5,18.45,86.41,18.221270686263164,0.012552873928231234
2025-07-24,1552.5,17.68,86.39,17.97082995717097,-0.016183446054750528
2025-07-25,1515.7,17.37,86.48,17.52659574468085,-0.008934749620637228
2025-07-28,1516.0,17.16,86.67,17.4916349371178,-0.018959630606860012
2025-07-29,1513.7,17.21,86.83,17.43291489116665,-0.012787011957455352
2025-07-30,1519.0,16.95,87.44,17.371912168344007,-0.024287030941408827
2025-07-31,1509.0,16.72,87.6,17.226027397260275,-0.02937574552683908
2025-08-01,1469.6,16.41,87.54,16.7877541695225,-0.022501769188894682
2025-08-04,1480.5,16.48,87.63,16.89489900718932,-0.024557649442755847
2025-08-05,1460.3,16.2,87.8,16.632118451025057,-0.02598096281585982
2025-08-06,1436.7,16.07,87.71,16.38011629232699,-0.018932484165100627
2025-08-07,1436.9,16.02,87.71,16.38239653403261,-0.022121094021852694
2025-08-08,1423.1,15.99,87.67,16.23246264400593,-0.01493689832056777
2025-08-11,1428.2,15.98,87.63,16.298071436722584,-0.019515894132474454
2025-08-12,1424.1,16.07,87.71,16.236461064872877,-0.010252299698054967
2025-08-13,1426.6,16.38,87.48,16.307727480566985,0.004431795878311995
2025-08-14,1447.7,16.36,87.56,16.53380539058931,-0.010512122677350355
2025-08-18,1435.8,16.41,87.3,16.446735395189002,-0.002233597994149461
2025-08-19,1440.0,16.6,87.02,16.547920018386577,0.003147222222222412
2025-08-20,1496.2,17.01,87.02,17.19374856354861,-0.010686940248629817
2025-08-21,1496.4,17.05,87.31,17.138930248539687,-0.005188786420743163
2025-08-22,1487.5,17.34,87.53,16.994173426253855,0.020349714285714304
2025-08-25,1532.1,17.33,87.55,17.49971444888635,-0.0096981267541284
2025-08-26,1529.6,17.22,87.68,17.44525547445255,-0.012912133891213262
2025-08-28,1500.1,17.0,87.63,17.118566700901518,-0.006926204919671997
2025-08-29,1469.6,16.82,88.18,16.665910637332725,0.009245781164943123
2025-09-02,1498.7,16.89,88.15,17.001701644923426,-0.006570027357042707
2025-09-03,1479.1,16.64,88.06,16.79650238473768,-0.00931755797444389
2025-09-04,1463.0,16.59,88.17,16.592945446296927,-0.000177511961722554
2025-09-05,1444.6,16.38,88.25,16.36940509915014,0.0006472379897550784
2025-09-08,1432.9,16.79,88.25,16.236827195467423,0.03406902086677355
2025-09-09,1504.3,17.01,88.12,17.07103949160236,-0.003575616565844486
2025-09-10,1532.6,16.98,88.09,17.398115563628107,-0.024032232806994624
2025-09-11,1509.7,17.07,88.44,17.070330167345094,-1.934159104466371e-05
2025-09-12,1525.6,16.96,88.28,17.281377435432713,-0.018596748820136177
2025-09-15,1508.4,16.92,88.22,17.09816368170483,-0.01042004773269678
2025-09-16,1511.3,17.06,88.05,17.1641113003975,-0.006065638853966826
2025-09-17,1522.4,17.68,87.77,17.345334396718698,0.01929427220178659
2025-09-18,1540.6,17.57,88.17,17.473063400249515,0.005547773594703598
2025-09-19,1540.2,16.97,88.06,17.49034749034749,-0.02975055187637965
2025-09-22,1499.5,17.15,88.29,16.983803375240683,0.009785595198399388
2025-09-23,1497.5,16.88,88.76,16.87133844073907,0.0005133889816359982
2025-09-24,1494.6,17.03,88.73,16.844359292234866,0.011020942058076022
2025-09-25,1484.8,16.54,88.7,16.739571589627957,-0.011922144396551593
2025-09-26,1448.9,16.52,88.65,16.344049633389734,0.010765408240734464
2025-09-29,1441.8,16.32,88.76,16.24380351509689,0.0046908031627133084
2025-09-30,1441.8,16.27,88.78,16.240144176616354,0.0018383964488832838
2025-10-01,1445.8,16.37,88.69,16.301725109933475,0.00418820030432987
2025-10-03,1446.6,16.23,88.78,16.294210407749492,-0.003940688510991275
2025-10-06,1476.0,16.69,88.79,16.623493636670794,0.004000745257452865
2025-10-07,1458.5,16.39,88.72,16.43935978358882,-0.0030025368529311702
2025-10-08,1495.0,16.74,88.77,16.841275205587475,-0.00601351170568587
2025-10-09,1509.3,17.06,88.84,16.9889689329131,0.00418101106473201
2025-10-10,1514.9,16.58,88.72,17.07506762849414,-0.028993596937091692
2025-10-13,1493.2,16.78,88.72,16.830477908025248,-0.0029991963568175573
2025-10-14,1489.9,16.48,88.76,16.785714285714285,-0.018212765957446697
2025-10-15,1474.4,16.44,87.98,16.75835417140259,-0.01899674443841548
2025-10-16,1471.5,16.07,87.81,16.757772463272975,-0.041041997961263954
2025-10-17,1441.1,16.33,87.99,16.377997499715878,-0.002930608562903503
2025-10-20,1460.9,16.91,87.92,16.616242038216562,0.017678965021561854
2025-10-21,1460.9,17.41,87.97,16.606797771967717,0.048365870353891394
2025-10-23,1528.5,17.53,87.85,17.398975526465566,0.00753058554138053
2025-10-24,1525.4,17.48,87.83,17.367642035750883,0.006469385079323375
2025-10-27,1504.5,17.04,88.24,17.05009066183137,-0.0005918245264208144
2025-10-28,1500.2,16.89,88.21,17.00714204738692,-0.006887814958005722
2025-10-29,1510.4,16.88,88.2,17.124716553287982,-0.014290254237288247
2025-10-30,1493.8,16.64,88.64,16.852436823104693,-0.01260570357477564
2025-10-31,1482.3,16.57,88.75,16.701971830985915,-0.007901571881535396
2025-11-03,1485.5,16.41,88.78,16.732372155890967,-0.019266374957926713
2025-11-04,1467.9,16.3,88.67,16.55464080297733,-0.015381837999863701
2025-11-06,1466.7,16.18,88.65,16.544839255499152,-0.022051544283084423
2025-11-07,1476.8,16.5,88.68,16.6531348669373,-0.009195557963163403
2025-11-10,1513.5,16.76,88.7,17.06313416009019,-0.017765444334324254
2025-11-11,1530.3,17.01,88.7,17.252536640360766,-0.014058027837678733
2025-11-12,1551.7,17.09,88.58,17.51749830661549,-0.024404072952246003
2025-11-13,1541.8,16.96,88.66,17.390029325513197,-0.02472849915682962
2025-11-14,1502.8,16.65,88.74,16.93486590038314,-0.016821266968325865
2025-11-17,1507.6,16.77,88.58,17.019643260329644,-0.014667949058105534
2025-11-18,1486.4,16.95,88.6,16.776523702031604,0.010340419806243117
2025-11-19,1541.1,17.31,88.58,17.397832467825694,-0.005048471870741755
2025-11-20,1536.5,17.13,88.69,17.32438831886346,-0.011220501138952343
2025-11-21,1545.0,17.7,89.54,17.254858163949073,0.025798058252427092
2025-11-24,1548.0,17.27,89.23,17.348425417460493,-0.004520607235142027
2025-11-25,1530.6,17.28,89.16,17.166890982503364,0.0065887887103097675
2025-11-26,1557.9,17.42,89.27,17.45155147305926,-0.0018079465947751228
2025-11-28,1560.1,17.48,89.43,17.44492899474449,0.0020103839497469522
2025-12-01,1564.0,17.45,89.59,17.4573055028463,-0.0004184782608696036
2025-12-02,1561.0,17.41,89.92,17.359875444839858,0.002887379884689345
2025-12-03,1578.7,17.66,90.15,17.511924570160843,0.008455691391651365
2025-12-04,1597.6,18.29,89.97,17.757030121151494,0.0300145843765649
2025-12-05,1616.2,18.07,89.97,17.963765699677673,0.005913810172008205
2025-12-08,1610.8,17.72,90.12,17.873945849977805,-0.008612863173578233
2025-12-09,1599.0,17.75,89.9,17.786429365962178,-0.0020481550969354556
2025-12-10,1584.8,18.07,89.98,17.612802845076683,0.0259582281675923
2025-12-11,1598.0,17.8,90.35,17.68677365799668,0.006401752190237753
2025-12-12,1598.2,17.78,90.41,17.67724809202522,0.005812664247278221
2025-12-15,1606.8,17.78,90.7,17.715545755237045,0.003638287279064123
2025-12-16,1592.9,17.77,91.03,17.498626826320994,0.01550825538326328
2025-12-17,1602.0,18.22,90.4,17.721238938053098,0.02814481897627963
2025-12-18,1626.8,19.18,90.25,18.025484764542934,0.0640490533562823
2025-12-19,1638.7,20.22,89.54,18.301317846772392,0.10483846951852072
2025-12-22,1689.6,19.16,89.64,18.848728246318608,0.01651420454545449
2025-12-23,1668.3,18.57,89.67,18.604884576781533,-0.0018750224779715552
2025-12-24,1663.4,18.67,89.81,18.521322792562078,0.008027353613081711
2025-12-26,1656.1,18.79,89.78,18.446201826687457,0.01863788418573753
2025-12-29,1644.7,18.43,89.97,18.28053795709681,0.008176019942846668
2025-12-30,1621.6,18.04,89.78,18.061929160169303,-0.0012141095214603936
2025-12-31,1615.4,17.82,89.84,17.980854853072127,-0.008945895753373678
2026-01-02,1640.4,18.15,90.19,18.188269209446727,-0.002104059985369666
2026-01-05,1606.4,17.68,90.28,17.793531236154188,-0.0063804780876494105
2026-01-06,1612.2,18.1,90.18,17.877578176979373,0.012441384443617531
2026-01-07,1639.0,18.23,89.9,18.231368186874302,-7.504575960937121e-05
2026-01-08,1613.3,18.04,90.02,17.92157298378138,0.006608070414678036
2026-01-09,1614.1,17.83,90.16,17.902617568766637,-0.004056254259339642
2026-01-12,1595.9,17.8,90.12,17.70861074123391,0.00516072435616266
2026-01-13,1599.0,17.52,90.19,17.7292382747533,-0.011801876172607972
2026-01-14,1599.8,19.35,90.24,17.72828014184397,0.09147643455431931
2026-01-16,1689.8,18.63,90.87,18.595796192362716,0.0018393300982364469
2026-01-20,1658.9,18.21,91.01,18.22766728930887,-0.0009692567363915883
2026-01-21,1654.4,18.31,91.68,18.045375218150088,0.014664410058026878
2026-01-22,1663.5,18.29,91.62,18.15651604453176,0.007351848512173298
2026-01-23,1670.8,18.24,91.95,18.17074497009244,0.0038113478573138515
2026-01-27,1682.7,18.25,91.72,18.346053205407763,-0.00523563320853393
2026-01-28,1666.5,17.93,91.78,18.15755066463282,-0.012532013201320247
2026-01-29,1659.5,17.75,91.95,18.04785209352909,-0.016503464899065956
2026-01-30,1641.0,17.58,91.98,17.840834964122635,-0.014620109689214011
2026-02-02,1629.4,18.34,91.51,17.80570429461261,0.030006996440407496
2026-02-03,1656.0,17.32,90.3,18.33887043189369,-0.05555797101449278
2026-02-04,1535.8,16.74,90.36,16.996458610004428,-0.015088943872900273
2026-02-05,1520.2,16.8,90.33,16.829403299014725,-0.0017471385344034474
2026-02-06,1507.1,16.84,90.65,16.625482625482622,0.012902926149559013
2026-02-09,1497.2,16.31,90.77,16.494436487826377,-0.011181739246593825
2026-02-10,1497.8,16.61,90.57,16.53748481837253,0.004384897850180147
2026-02-11,1471.9,15.76,90.69,16.230014334546258,-0.028959576058156244
2026-02-12,1386.0,14.21,90.63,15.292949354518372,-0.07081363636363636
2026-02-13,1369.1,14.72,90.64,15.104810238305383,-0.02547600613541734
2026-02-17,1391.2,14.75,90.63,15.3503254992828,-0.039108323749281304
2026-02-18,1373.7,15.05,90.7,15.14553472987872,-0.006307781902889942
2026-02-19,1370.5,14.55,90.68,15.11358623731804,-0.03729004013133885
2026-02-20,1353.2,14.65,90.98,14.873598593097384,-0.015033254507833216
2026-02-23,1327.5,13.91,90.88,14.607174295774648,-0.04772821092278723
2026-02-24,1275.5,13.84,90.95,14.024189114898295,-0.01313367306938451
2026-02-25,1290.1,14.24,90.95,14.184716877405167,0.0038973722967212687
2026-02-26,1289.1,14.7,90.92,14.17839859216894,0.036788457063067215
2026-02-27,1300.1,14.44,91.03,14.28210480061518,0.011055457272517666
2026-03-02,1288.9,14.19,91.47,14.090958784300865,0.007028706649080396
2026-03-04,1307.4,14.33,92.08,14.198523023457865,0.009259905155269754
2026-03-05,1305.8,14.4,91.58,14.258571740554705,0.009918823709603286
2026-03-06,1308.4,14.44,91.73,14.263599694756351,0.012367166004279895
2026-03-09,1315.0,14.42,92.31,14.245477196403423,0.012251102661597013
2026-03-10,1295.6,14.04,91.85,14.105606967882418,-0.004651126891015878
2026-03-11,1276.3,13.87,92.03,13.868303813973704,0.00012230666771140264
2026-03-12,1265.8,13.44,92.18,13.731829030158384,-0.021252014536261576
2026-03-13,1248.3,13.27,92.47,13.499513355682923,-0.017001602178963404
2026-03-16,1249.8,13.26,92.42,13.523046959532568,-0.019451752280364776
2026-03-17,1232.9,13.2,92.36,13.348852317020356,-0.011150944926595963
2026-03-18,1267.1,12.92,92.87,13.643803165715514,-0.05304995659379674
2026-03-19,1220.8,13.05,92.62,13.180738501403583,-0.009918905635648567
2026-03-20,1255.9,13.12,93.73,13.399125146697962,-0.020831594872203207
2026-03-23,1256.8,13.3,93.96,13.375904640272458,-0.005674729471674134
2026-03-24,1278.3,13.08,93.86,13.61922011506499,-0.039592583900492806
2026-03-25,1279.1,13.17,93.97,13.611790997126741,-0.032456492846532625
2026-03-27,1269.7,12.83,94.83,13.38922281978277,-0.04176663778845402
2026-03-30,1250.6,13.25,94.41,13.24647812731702,0.00026587238125697077
2026-04-01,1275.7,13.3,93.21,13.686299753245361,-0.028225288077134203
2026-04-02,1300.8,13.74,93.09,13.97357396068321,-0.016715405904058955
2026-04-06,1306.2,13.7,93.06,14.036105738233397,-0.02394579696830501
2026-04-07,1339.4,13.96,92.96,14.408347676419968,-0.031117216664178105
2026-04-08,1346.2,14.0,92.25,14.592953929539297,-0.040632892586540015
2026-04-09,1331.6,13.76,92.69,14.366166792534253,-0.04219405226794826
2026-04-10,1292.5,13.29,92.72,13.939818809318378,-0.04661601547388794
2026-04-13,1276.8,13.97,93.39,13.671699325409572,0.021818843984962477
2026-04-15,1305.3,14.31,93.37,13.979865053014885,0.023615031027350186
2026-04-16,1319.2,14.38,93.2,14.15450643776824,0.015930867192237796
2026-04-17,1318.7,14.46,92.9,14.194833153928956,0.01868051869265197
2026-04-20,1312.6,14.21,93.13,14.094276817352089,0.008210650617095805
2026-04-21,1313.2,14.07,93.5,14.044919786096257,0.0017857142857142794
2026-04-22,1268.6,13.48,93.79,13.52596225610406,-0.0033980766198957735
2026-04-23,1240.6,12.94,94.11,13.18244607374349,-0.01839158471707225
2026-04-24,1154.6,12.86,94.25,12.250397877984083,0.04976182227611314
2026-04-27,1170.3,12.28,94.19,12.424885868988214,-0.011660941638895972
2026-04-28,1152.1,12.25,94.54,12.18637613708483,0.005220900963458286
2026-04-29,1167.5,12.34,94.85,12.308908803373749,0.0025259100642398558
2026-04-30,1181.8,12.46,94.91,12.45179643873143,0.0006588255203927584
2026-05-04,1168.4,12.24,95.09,12.287306762014934,-0.0038500513522766733
2026-05-05,1178.1,12.46,95.32,12.359420898027697,0.008137849079025594
2026-05-06,1167.2,12.64,94.61,12.336962266145228,0.024563399588759527
2026-05-07,1162.7,12.57,94.25,12.33633952254642,0.018940827384535952
2026-05-08,1179.2,12.83,94.49,12.479627473806753,0.02807555970149256
2026-05-11,1177.0,12.3,95.31,12.349176371839262,-0.003982158028886906
2026-05-12,1140.3,12.05,95.63,11.924082400920213,0.010559940366570375
2026-05-13,1123.1,11.86,95.69,11.736858605914932,0.01049185290713206
2026-05-14,1095.0,11.66,95.76,11.43483709273183,0.019690958904109657
2026-05-15,1119.0,12.07,95.97,11.659893716786495,0.03517238605898121
2026-05-18,1142.5,12.59,96.35,11.857810067462378,0.061747483588621366
2026-05-19,1196.9,12.72,96.53,12.399254117890813,0.02586815941181375
2026-05-20,1193.7,12.77,96.82,12.329064242925018,0.03576392728491218
2026-05-21,1181.2,12.64,96.2,12.278586278586278,0.029434473416864337
2026-05-22,1174.5,12.67,95.69,12.274009823388024,0.03226249467858655
2026-05-26,1167.7,12.08,95.68,12.204222408026755,-0.010178641774428288
2026-05-27,1159.9,12.39,95.69,12.121433796634967,0.022156306578153373
2026-05-29,1160.9,12.65,95.0,12.22,0.035188216039279796
2026-06-01,1202.5,13.41,94.99,12.659227287082851,0.05930636174636161
2026-06-02,1270.8,13.08,95.27,13.338931457961582,-0.019411709159584456
2026-06-03,1222.6,12.46,95.71,12.774004806185351,-0.024581547521674962
2026-06-04,1201.3,12.57,95.79,12.540975049587638,0.002314409389827743
2026-06-05,1197.5,12.4,94.95,12.611901000526592,-0.01680167014613765
2026-06-08,1187.6,12.28,95.71,12.408316790304044,-0.010341192320646786
2026-06-09,1180.3,12.24,95.35,12.37860513896172,-0.011197153266118809
2026-06-10,1145.3,11.76,95.27,12.021622756376614,-0.02176268226665501
2026-06-11,1114.6,11.6,95.76,11.639515455304927,-0.003394939888749171
2026-06-12,1116.4,11.74,95.11,11.737987593313006,0.00017144392690782162
2026-06-15,1134.9,11.6,94.71,11.982895153626863,-0.03195347607718768
2026-06-16,1143.6,11.97,94.62,12.086239695624602,-0.009617523609653511
2026-06-17,1157.7,11.7,94.53,12.246905744208188,-0.04465664679968917
2026-06-18,1127.5,10.57,94.33,11.95271917735609,-0.11568239467849228
2026-06-22,1065.4,10.77,94.68,11.252640473172793,-0.04289130842875921
2026-06-23,1029.3,10.79,94.74,10.864471184293857,-0.006854561352375499
2026-06-24,1056.6,10.93,94.67,11.160874617090947,-0.020686068521673318
2026-06-25,1041.2,10.57,94.4,11.029661016949152,-0.04167499039569722
2026-06-29,1036.7,10.7,94.54,10.965728792045695,-0.024232661329217753
2026-06-30,1000.4,10.49,94.66,10.568349883794633,-0.007413634546181491
2026-07-01,985.3,10.65,95.25,10.344356955380578,0.029546838526337105
2026-07-02,1040.9,11.16,95.39,10.912045287766015,0.022723028148717406
2026-07-06,1042.2,10.88,95.4,10.924528301886792,-0.004075993091536945
2026-07-07,1071.8,11.27,94.97,11.285669158681689,-0.0013884120171674397
2026-07-08,1069.3,10.93,95.56,11.189828380075344,-0.02322005050032727
2026-07-09,1050.8,11.13,95.39,11.015829751546283,0.010364198705748118
2026-07-10,1068.0,10.94,95.33,11.203188922689606,-0.023492322097378393
2026-07-13,1102.6,11.5,95.62,11.531060447605102,-0.0026936332305458333
2026-07-14,1092.9,11.05,96.2,11.36070686070686,-0.027349254277609925
2026-07-15,1076.3,11.04,96.26,11.181175981716184,-0.012626219455542098
2026-07-16,1082.4,11.53,96.35,11.234042553191491,0.026344696969696768
2026-07-17,1096.5,11.49,96.28,11.388658080598255,0.008898495212038338
2026-07-20,1087.1,11.31,96.45,11.271124935199584,0.003449084720817064
2026-07-21,1073.5,11.16,96.24,11.15440565253533,0.0005015370284116027
2026-07-22,1052.1,10.93,96.57,10.894687791239516,0.0032412318220700342
2026-07-23,1047.4,10.67,96.57,10.84601843222533,-0.016228852396410254
2026-07-24,1040.9,11.11,96.56,10.779826014913008,0.030628878854837005
2026-07-27,1079.2,11.7,95.91,11.252215618809302,0.03979521868050395
2026-07-28,1105.7,12.35,95.85,11.535732916014608,0.0705865062856108
2026-07-29,1155.6,12.6,95.65,12.08154730789336,0.042912772585669945
2026-07-30,1155.1,11.95,95.68,12.072533444816052,-0.010149770582633555
2026-07-31,1130.1,12.03,95.38,11.848395890123715,0.015327316166710903
2026-08-03,1180.0,12.25,95.34,12.37675687014894,-0.010241525423728803
2026-08-04,1167.5,12.6,95.38,12.240511637659887,0.029368736616702362
2026-08-05,1174.0,12.48,95.14,12.339709901198233,0.011368994889267459
2026-08-06,1165.0,12.36,95.21,12.236109652347443,0.010124978540772434
2026-08-07,1175.1,12.53,95.21,12.342190946329167,0.015216832609990627
2026-08-10,1183.0,12.56,95.3,12.413431269674712,0.011807269653423491
2026-08-11,1190.7,12.6,95.44,12.475901089689858,0.009947089947089927
2026-08-12,1176.1,12.28,95.33,12.337144655407531,-0.00463191905450222
2026-08-13,1175.0,12.41,95.44,12.311399832355407,0.008008851063829647
2026-08-14,1169.2,12.09,95.43,12.25191239652101,-0.013215275401984306
2026-08-17,1139.9,11.62,95.6,11.923640167364018,-0.025465391701026574
2026-08-18,1115.0,11.83,95.68,11.653428093645484,0.015151928251121216
2026-08-19,1119.8,12.03,95.75,11.695039164490861,0.0286412752277192
2026-08-20,1130.0,11.83,95.71,11.806498798453664,0.0019905309734511434
2026-08-21,1121.0,11.94,95.7,11.713688610240334,0.019320249776984877
2026-08-24,1130.0,11.82,95.75,11.801566579634464,0.001561946902654876
2026-08-25,1144.0,12.03,95.41,11.990357404884184,0.0033062062937061487
2026-08-26,1120.0,11.69,95.43,11.736351252226763,-0.003949375000000033
2026-08-27,1110.8,11.9,95.54,11.626543855976553,0.023519985595966908
2026-08-28,1144.0,12.05,95.38,11.994128748165235,0.004658216783216762
2026-08-31,1133.8,12.06,95.16,11.914670029424128,0.012197565708237823
2026-09-01,1156.0,12.0,94.95,12.174828857293312,-0.014359861591695444
2026-09-02,1140.0,11.97,94.97,12.003790670738129,-0.002815000000000012
2026-09-03,1130.3,12.09,94.49,11.962112392845803,0.010691055471998556
2026-09-04,1130.0,11.7,94.49,11.958937453698805,-0.021652212389380643
2026-09-08,1082.0,11.13,94.82,11.411094705758279,-0.024633456561922285
2026-09-09,1035.0,10.93,95.09,10.88442528131244,0.004187149758454245
2026-09-10,1036.5,10.91,95.44,10.860226320201173,0.004583116256632991
2026-09-11,1037.7,11.07,95.55,10.86028257456829,0.019310494362532404
2026-09-15,1077.0,11.32,95.95,11.22459614382491,0.008499535747446663
2026-09-16,1060.0,11.08,95.96,11.046269278866195,0.0030535849056603226
2026-09-17,1058.6,11.07,95.93,11.035129782132804,0.0031599282070660095
2026-09-18,1051.4,10.82,95.87,10.966934390320226,-0.013397945596347771
2026-09-21,1038.5,10.89,95.87,10.832377177427766,0.005319499277804729
